mode,bpm,fps,noise_sd,texture,seed,true_n_beats,detected_n_beats,exact,within_1,true_bpm,detected_bpm,bpm_abs_error_pct,error
reference,30,10,0,1.0,0,5,5,True,True,31.068047246756052,31.16883116883117,0.32439735035371375,
consecutive,30,10,0,1.0,0,5,5,True,True,31.068047246756052,31.16883116883117,0.32439735035371375,
piv,30,10,0,1.0,0,5,5,True,True,31.068047246756052,30.76923076923077,0.961812872086715,
reference,30,10,0,1.0,1,5,4,False,True,29.579842931887594,22.222222222222218,24.8737653090569,
consecutive,30,10,0,1.0,1,5,5,True,True,29.579842931887594,29.629629629629637,0.16831292125750938,
piv,30,10,0,1.0,1,5,4,False,True,29.579842931887594,21.951219512195124,25.78993890284887,
reference,30,10,0,1.0,2,5,5,True,True,30.236164580105328,30.379746835443036,0.47486927436617515,
consecutive,30,10,0,1.0,2,5,5,True,True,30.236164580105328,30.379746835443036,0.47486927436617515,
piv,30,10,0,1.0,2,5,5,True,True,30.236164580105328,30.0,0.7810665915633971,
reference,30,10,0,0.25,0,5,5,True,True,31.068047246756052,31.16883116883117,0.32439735035371375,
consecutive,30,10,0,0.25,0,5,5,True,True,31.068047246756052,31.16883116883117,0.32439735035371375,
piv,30,10,0,0.25,0,5,3,False,False,31.068047246756052,15.384615384615383,50.48090643604336,
reference,30,10,0,0.25,1,5,4,False,True,29.579842931887594,22.222222222222218,24.8737653090569,
consecutive,30,10,0,0.25,1,5,5,True,True,29.579842931887594,29.629629629629637,0.16831292125750938,
piv,30,10,0,0.25,1,5,5,True,True,29.579842931887594,29.26829268292683,1.0532518704651634,
reference,30,10,0,0.25,2,5,5,True,True,30.236164580105328,30.379746835443036,0.47486927436617515,
consecutive,30,10,0,0.25,2,5,5,True,True,30.236164580105328,30.379746835443036,0.47486927436617515,
piv,30,10,0,0.25,2,5,5,True,True,30.236164580105328,30.0,0.7810665915633971,
reference,30,10,5,1.0,0,5,5,True,True,31.068047246756052,31.16883116883117,0.32439735035371375,
consecutive,30,10,5,1.0,0,5,5,True,True,31.068047246756052,31.16883116883117,0.32439735035371375,
piv,30,10,5,1.0,0,5,5,True,True,31.068047246756052,31.16883116883117,0.32439735035371375,
reference,30,10,5,1.0,1,5,4,False,True,29.579842931887594,22.222222222222218,24.8737653090569,
consecutive,30,10,5,1.0,1,5,5,True,True,29.579842931887594,29.62962962962963,0.16831292125748534,
piv,30,10,5,1.0,1,5,3,False,False,29.579842931887594,14.814814814814815,49.91584353937126,
reference,30,10,5,1.0,2,5,5,True,True,30.236164580105328,30.379746835443036,0.47486927436617515,
consecutive,30,10,5,1.0,2,5,5,True,True,30.236164580105328,30.0,0.7810665915633971,
piv,30,10,5,1.0,2,5,5,True,True,30.236164580105328,30.379746835443036,0.47486927436617515,
reference,30,10,5,0.25,0,5,5,True,True,31.068047246756052,31.16883116883117,0.32439735035371375,
consecutive,30,10,5,0.25,0,5,5,True,True,31.068047246756052,30.76923076923077,0.961812872086715,
piv,30,10,5,0.25,0,5,5,True,True,31.068047246756052,31.16883116883117,0.32439735035371375,
reference,30,10,5,0.25,1,5,4,False,True,29.579842931887594,22.222222222222218,24.8737653090569,
consecutive,30,10,5,0.25,1,5,5,True,True,29.579842931887594,29.26829268292683,1.0532518704651634,
piv,30,10,5,0.25,1,5,3,False,False,29.579842931887594,14.634146341463415,50.52662593523258,
reference,30,10,5,0.25,2,5,5,True,True,30.236164580105328,30.379746835443036,0.47486927436617515,
consecutive,30,10,5,0.25,2,5,5,True,True,30.236164580105328,30.0,0.7810665915633971,
piv,30,10,5,0.25,2,5,5,True,True,30.236164580105328,30.379746835443036,0.47486927436617515,
reference,30,10,10,1.0,0,5,5,True,True,31.068047246756052,31.16883116883117,0.32439735035371375,
consecutive,30,10,10,1.0,0,5,5,True,True,31.068047246756052,31.16883116883117,0.32439735035371375,
piv,30,10,10,1.0,0,5,5,True,True,31.068047246756052,31.16883116883117,0.32439735035371375,
reference,30,10,10,1.0,1,5,4,False,True,29.579842931887594,22.222222222222218,24.8737653090569,
consecutive,30,10,10,1.0,1,5,5,True,True,29.579842931887594,29.62962962962963,0.16831292125748534,
piv,30,10,10,1.0,1,5,3,False,False,29.579842931887594,19.35483870967742,34.56747301111406,
reference,30,10,10,1.0,2,5,5,True,True,30.236164580105328,30.379746835443036,0.47486927436617515,
consecutive,30,10,10,1.0,2,5,5,True,True,30.236164580105328,30.0,0.7810665915633971,
piv,30,10,10,1.0,2,5,5,True,True,30.236164580105328,30.379746835443036,0.47486927436617515,
reference,30,10,10,0.25,0,5,5,True,True,31.068047246756052,31.16883116883117,0.32439735035371375,
consecutive,30,10,10,0.25,0,5,5,True,True,31.068047246756052,30.76923076923077,0.961812872086715,
piv,30,10,10,0.25,0,5,5,True,True,31.068047246756052,31.16883116883117,0.32439735035371375,
reference,30,10,10,0.25,1,5,4,False,True,29.579842931887594,21.686746987951803,26.68403602450131,
consecutive,30,10,10,0.25,1,5,5,True,True,29.579842931887594,29.26829268292683,1.0532518704651634,
piv,30,10,10,0.25,1,5,4,False,True,29.579842931887594,22.22222222222223,24.873765309056864,
reference,30,10,10,0.25,2,5,5,True,True,30.236164580105328,30.379746835443036,0.47486927436617515,
consecutive,30,10,10,0.25,2,5,5,True,True,30.236164580105328,30.0,0.7810665915633971,
piv,30,10,10,0.25,2,5,5,True,True,30.236164580105328,30.379746835443036,0.47486927436617515,
reference,30,10,20,1.0,0,5,1,False,False,31.068047246756052,,,
consecutive,30,10,20,1.0,0,5,5,True,True,31.068047246756052,30.76923076923077,0.961812872086715,
piv,30,10,20,1.0,0,5,6,False,True,31.068047246756052,33.70786516853933,8.496890392938717,
reference,30,10,20,1.0,1,5,1,False,False,29.579842931887594,,,
consecutive,30,10,20,1.0,1,5,5,True,True,29.579842931887594,29.62962962962963,0.16831292125748534,
piv,30,10,20,1.0,1,5,5,True,True,29.579842931887594,29.629629629629637,0.16831292125750938,
reference,30,10,20,1.0,2,5,1,False,False,30.236164580105328,,,
consecutive,30,10,20,1.0,2,5,6,False,True,30.236164580105328,32.967032967032964,9.031794954325926,
piv,30,10,20,1.0,2,5,6,False,True,30.236164580105328,32.60869565217391,7.846666748300635,
reference,30,10,20,0.25,0,5,1,False,False,31.068047246756052,,,
consecutive,30,10,20,0.25,0,5,6,False,True,31.068047246756052,32.967032967032964,6.112343351335649,
piv,30,10,20,0.25,0,5,6,False,True,31.068047246756052,33.70786516853933,8.496890392938717,
reference,30,10,20,0.25,1,5,1,False,False,29.579842931887594,,,
consecutive,30,10,20,0.25,1,5,5,True,True,29.579842931887594,29.62962962962963,0.16831292125748534,
piv,30,10,20,0.25,1,5,3,False,False,29.579842931887594,19.35483870967742,34.56747301111406,
reference,30,10,20,0.25,2,5,1,False,False,30.236164580105328,,,
consecutive,30,10,20,0.25,2,5,6,False,True,30.236164580105328,32.967032967032964,9.031794954325926,
piv,30,10,20,0.25,2,5,5,True,True,30.236164580105328,29.26829268292683,3.201040577135018,
reference,30,15,0,1.0,0,5,5,True,True,31.068047246756052,31.03448275862069,0.10803539684608347,
consecutive,30,15,0,1.0,0,5,5,True,True,31.068047246756052,31.03448275862069,0.10803539684608347,
piv,30,15,0,1.0,0,5,5,True,True,31.068047246756052,31.03448275862069,0.10803539684608347,
reference,30,15,0,1.0,1,5,3,False,False,29.579842931887594,14.754098360655739,50.12110647568531,
consecutive,30,15,0,1.0,1,5,3,False,False,29.579842931887594,14.754098360655739,50.12110647568531,
piv,30,15,0,1.0,1,5,4,False,True,29.579842931887594,22.13114754098361,25.18165971352796,
reference,30,15,0,1.0,2,5,5,True,True,30.236164580105328,30.252100840336134,0.05270595808732772,
consecutive,30,15,0,1.0,2,5,5,True,True,30.236164580105328,30.25210084033613,0.052705958087315964,
piv,30,15,0,1.0,2,5,5,True,True,30.236164580105328,30.25210084033613,0.052705958087315964,
reference,30,15,0,0.25,0,5,5,True,True,31.068047246756052,31.03448275862069,0.10803539684608347,
consecutive,30,15,0,0.25,0,5,5,True,True,31.068047246756052,31.03448275862069,0.10803539684608347,
piv,30,15,0,0.25,0,5,5,True,True,31.068047246756052,31.03448275862069,0.10803539684608347,
reference,30,15,0,0.25,1,5,3,False,False,29.579842931887594,14.754098360655739,50.12110647568531,
consecutive,30,15,0,0.25,1,5,3,False,False,29.579842931887594,14.754098360655739,50.12110647568531,
piv,30,15,0,0.25,1,5,3,False,False,29.579842931887594,14.754098360655739,50.12110647568531,
reference,30,15,0,0.25,2,5,5,True,True,30.236164580105328,30.252100840336134,0.05270595808732772,
consecutive,30,15,0,0.25,2,5,5,True,True,30.236164580105328,30.25210084033613,0.052705958087315964,
piv,30,15,0,0.25,2,5,5,True,True,30.236164580105328,30.25210084033613,0.052705958087315964,
reference,30,15,5,1.0,0,5,5,True,True,31.068047246756052,31.03448275862069,0.10803539684608347,
consecutive,30,15,5,1.0,0,5,5,True,True,31.068047246756052,31.304347826086957,0.7605903823117758,
piv,30,15,5,1.0,0,5,5,True,True,31.068047246756052,31.03448275862069,0.10803539684608347,
reference,30,15,5,1.0,1,5,3,False,False,29.579842931887594,14.754098360655739,50.12110647568531,
consecutive,30,15,5,1.0,1,5,5,True,True,29.579842931887594,29.508196721311478,0.24221295137061088,
piv,30,15,5,1.0,1,5,4,False,True,29.579842931887594,22.13114754098361,25.18165971352796,
reference,30,15,5,1.0,2,5,5,True,True,30.236164580105328,30.252100840336134,0.05270595808732772,
consecutive,30,15,5,1.0,2,5,5,True,True,30.236164580105328,30.25210084033613,0.052705958087315964,
piv,30,15,5,1.0,2,5,5,True,True,30.236164580105328,30.252100840336134,0.05270595808732772,
reference,30,15,5,0.25,0,5,5,True,True,31.068047246756052,31.03448275862069,0.10803539684608347,
consecutive,30,15,5,0.25,0,5,5,True,True,31.068047246756052,31.03448275862069,0.10803539684608347,
piv,30,15,5,0.25,0,5,5,True,True,31.068047246756052,31.03448275862069,0.10803539684608347,
reference,30,15,5,0.25,1,5,3,False,False,29.579842931887594,14.754098360655739,50.12110647568531,
consecutive,30,15,5,0.25,1,5,4,False,True,29.579842931887594,22.13114754098361,25.18165971352796,
piv,30,15,5,0.25,1,5,4,False,True,29.579842931887594,22.13114754098361,25.18165971352796,
reference,30,15,5,0.25,2,5,5,True,True,30.236164580105328,30.252100840336134,0.05270595808732772,
consecutive,30,15,5,0.25,2,5,5,True,True,30.236164580105328,30.25210084033613,0.052705958087315964,
piv,30,15,5,0.25,2,5,5,True,True,30.236164580105328,30.252100840336134,0.05270595808732772,
reference,30,15,10,1.0,0,5,5,True,True,31.068047246756052,31.03448275862069,0.10803539684608347,
consecutive,30,15,10,1.0,0,5,5,True,True,31.068047246756052,31.304347826086957,0.7605903823117758,
piv,30,15,10,1.0,0,5,5,True,True,31.068047246756052,31.03448275862069,0.10803539684608347,
reference,30,15,10,1.0,1,5,3,False,False,29.579842931887594,14.754098360655739,50.12110647568531,
consecutive,30,15,10,1.0,1,5,5,True,True,29.579842931887594,29.508196721311478,0.24221295137061088,
piv,30,15,10,1.0,1,5,3,False,False,29.579842931887594,14.754098360655739,50.12110647568531,
reference,30,15,10,1.0,2,5,5,True,True,30.236164580105328,30.252100840336134,0.05270595808732772,
consecutive,30,15,10,1.0,2,5,5,True,True,30.236164580105328,30.25210084033613,0.052705958087315964,
piv,30,15,10,1.0,2,5,5,True,True,30.236164580105328,30.252100840336134,0.05270595808732772,
reference,30,15,10,0.25,0,5,5,True,True,31.068047246756052,31.03448275862069,0.10803539684608347,
consecutive,30,15,10,0.25,0,5,5,True,True,31.068047246756052,31.03448275862069,0.10803539684608347,
piv,30,15,10,0.25,0,5,5,True,True,31.068047246756052,31.03448275862069,0.10803539684608347,
reference,30,15,10,0.25,1,5,3,False,False,29.579842931887594,14.754098360655739,50.12110647568531,
consecutive,30,15,10,0.25,1,5,4,False,True,29.579842931887594,21.951219512195124,25.78993890284887,
piv,30,15,10,0.25,1,5,3,False,False,29.579842931887594,14.754098360655739,50.12110647568531,
reference,30,15,10,0.25,2,5,5,True,True,30.236164580105328,30.252100840336134,0.05270595808732772,
consecutive,30,15,10,0.25,2,5,5,True,True,30.236164580105328,30.25210084033613,0.052705958087315964,
piv,30,15,10,0.25,2,5,5,True,True,30.236164580105328,30.252100840336134,0.05270595808732772,
reference,30,15,20,1.0,0,5,1,False,False,31.068047246756052,,,
consecutive,30,15,20,1.0,0,5,6,False,True,31.068047246756052,32.84671532846715,5.725072025235878,
piv,30,15,20,1.0,0,5,3,False,False,31.068047246756052,15.384615384615385,50.48090643604336,
reference,30,15,20,1.0,1,5,1,False,False,29.579842931887594,,,
consecutive,30,15,20,1.0,1,5,4,False,True,29.579842931887594,21.951219512195124,25.78993890284887,
piv,30,15,20,1.0,1,5,3,False,False,29.579842931887594,19.35483870967742,34.56747301111406,
reference,30,15,20,1.0,2,5,1,False,False,30.236164580105328,,,
consecutive,30,15,20,1.0,2,5,6,False,True,30.236164580105328,32.846715328467155,8.63386869536855,
piv,30,15,20,1.0,2,5,6,False,True,30.236164580105328,32.60869565217391,7.846666748300635,
reference,30,15,20,0.25,0,5,1,False,False,31.068047246756052,,,
consecutive,30,15,20,0.25,0,5,6,False,True,31.068047246756052,32.60869565217391,4.958948314908079,
piv,30,15,20,0.25,0,5,7,False,False,31.068047246756052,38.84892086330936,25.044617560782623,
reference,30,15,20,0.25,1,5,1,False,False,29.579842931887594,,,
consecutive,30,15,20,0.25,1,5,4,False,True,29.579842931887594,21.951219512195124,25.78993890284887,
piv,30,15,20,0.25,1,5,3,False,False,29.579842931887594,15.126050420168069,48.86365537843368,
reference,30,15,20,0.25,2,5,1,False,False,30.236164580105328,,,
consecutive,30,15,20,0.25,2,5,6,False,True,30.236164580105328,32.846715328467155,8.63386869536855,
piv,30,15,20,0.25,2,5,4,False,True,30.236164580105328,22.5,25.585799943672548,
reference,30,30,0,1.0,0,5,5,True,True,31.068047246756052,31.03448275862069,0.10803539684608347,
consecutive,30,30,0,1.0,0,5,5,True,True,31.068047246756052,31.03448275862069,0.10803539684608347,
piv,30,30,0,1.0,0,5,5,True,True,31.068047246756052,31.03448275862069,0.10803539684608347,
reference,30,30,0,1.0,1,5,3,False,False,29.579842931887594,14.754098360655739,50.12110647568531,
consecutive,30,30,0,1.0,1,5,5,True,True,29.579842931887594,29.508196721311478,0.24221295137061088,
piv,30,30,0,1.0,1,5,3,False,False,29.579842931887594,19.45945945945946,34.213783676039,
reference,30,30,0,1.0,2,5,5,True,True,30.236164580105328,30.1255230125523,0.36592461077496385,
consecutive,30,30,0,1.0,2,5,5,True,True,30.236164580105328,30.252100840336134,0.05270595808732772,
piv,30,30,0,1.0,2,5,5,True,True,30.236164580105328,30.252100840336134,0.05270595808732772,
reference,30,30,0,0.25,0,5,5,True,True,31.068047246756052,31.03448275862069,0.10803539684608347,
consecutive,30,30,0,0.25,0,5,5,True,True,31.068047246756052,31.03448275862069,0.10803539684608347,
piv,30,30,0,0.25,0,5,5,True,True,31.068047246756052,31.16883116883117,0.32439735035371375,
reference,30,30,0,0.25,1,5,3,False,False,29.579842931887594,14.754098360655739,50.12110647568531,
consecutive,30,30,0,0.25,1,5,5,True,True,29.579842931887594,29.508196721311478,0.24221295137061088,
piv,30,30,0,0.25,1,5,3,False,False,29.579842931887594,14.754098360655739,50.12110647568531,
reference,30,30,0,0.25,2,5,5,True,True,30.236164580105328,30.1255230125523,0.36592461077496385,
consecutive,30,30,0,0.25,2,5,5,True,True,30.236164580105328,30.252100840336134,0.05270595808732772,
piv,30,30,0,0.25,2,5,3,False,False,30.236164580105328,15.126050420168067,49.973647020956335,
reference,30,30,5,1.0,0,5,5,True,True,31.068047246756052,31.03448275862069,0.10803539684608347,
consecutive,30,30,5,1.0,0,5,5,True,True,31.068047246756052,31.03448275862069,0.10803539684608347,
piv,30,30,5,1.0,0,5,5,True,True,31.068047246756052,31.03448275862069,0.10803539684608347,
reference,30,30,5,1.0,1,5,3,False,False,29.579842931887594,14.693877551020407,50.32469379619272,
consecutive,30,30,5,1.0,1,5,5,True,True,29.579842931887594,29.62962962962963,0.16831292125748534,
piv,30,30,5,1.0,1,5,3,False,False,29.579842931887594,19.45945945945946,34.213783676039,
reference,30,30,5,1.0,2,5,5,True,True,30.236164580105328,30.1255230125523,0.36592461077496385,
consecutive,30,30,5,1.0,2,5,5,True,True,30.236164580105328,30.252100840336134,0.05270595808732772,
piv,30,30,5,1.0,2,5,5,True,True,30.236164580105328,30.1255230125523,0.36592461077496385,
reference,30,30,5,0.25,0,5,5,True,True,31.068047246756052,31.03448275862069,0.10803539684608347,
consecutive,30,30,5,0.25,0,5,5,True,True,31.068047246756052,31.03448275862069,0.10803539684608347,
piv,30,30,5,0.25,0,5,5,True,True,31.068047246756052,31.03448275862069,0.10803539684608347,
reference,30,30,5,0.25,1,5,3,False,False,29.579842931887594,14.754098360655739,50.12110647568531,
consecutive,30,30,5,0.25,1,5,5,True,True,29.579842931887594,29.508196721311478,0.24221295137061088,
piv,30,30,5,0.25,1,5,3,False,False,29.579842931887594,14.814814814814818,49.915843539371245,
reference,30,30,5,0.25,2,5,5,True,True,30.236164580105328,30.1255230125523,0.36592461077496385,
consecutive,30,30,5,0.25,2,5,5,True,True,30.236164580105328,30.252100840336134,0.05270595808732772,
piv,30,30,5,0.25,2,5,5,True,True,30.236164580105328,30.1255230125523,0.36592461077496385,
reference,30,30,10,1.0,0,5,5,True,True,31.068047246756052,31.304347826086957,0.7605903823117758,
consecutive,30,30,10,1.0,0,5,5,True,True,31.068047246756052,30.901287553648068,0.5367562749712128,
piv,30,30,10,1.0,0,5,6,False,True,31.068047246756052,32.608695652173914,4.958948314908102,
reference,30,30,10,1.0,1,5,3,False,False,29.579842931887594,14.937759336099582,49.50020738617103,
consecutive,30,30,10,1.0,1,5,5,True,True,29.579842931887594,29.75206611570248,0.5822315696924344,
piv,30,30,10,1.0,1,5,3,False,False,29.579842931887594,14.937759336099589,49.500207386171006,
reference,30,30,10,1.0,2,5,5,True,True,30.236164580105328,30.252100840336134,0.05270595808732772,
consecutive,30,30,10,1.0,2,5,3,False,False,30.236164580105328,19.999999999999996,33.85404439437561,
piv,30,30,10,1.0,2,5,5,True,True,30.236164580105328,30.252100840336134,0.05270595808732772,
reference,30,30,10,0.25,0,5,5,True,True,31.068047246756052,31.304347826086957,0.7605903823117758,
consecutive,30,30,10,0.25,0,5,5,True,True,31.068047246756052,30.901287553648068,0.5367562749712128,
piv,30,30,10,0.25,0,5,5,True,True,31.068047246756052,31.16883116883117,0.32439735035371375,
reference,30,30,10,0.25,1,5,3,False,False,29.579842931887594,14.87603305785124,49.70888421515378,
consecutive,30,30,10,0.25,1,5,5,True,True,29.579842931887594,29.75206611570248,0.5822315696924344,
piv,30,30,10,0.25,1,5,3,False,False,29.579842931887594,19.565217391304348,33.85624989166965,
reference,30,30,10,0.25,2,5,5,True,True,30.236164580105328,30.1255230125523,0.36592461077496385,
consecutive,30,30,10,0.25,2,5,4,False,True,30.236164580105328,21.176470588235293,29.963105829338872,
piv,30,30,10,0.25,2,5,5,True,True,30.236164580105328,30.252100840336134,0.05270595808732772,
reference,30,30,20,1.0,0,5,3,False,False,31.068047246756052,15.584415584415584,49.83780132482315,
consecutive,30,30,20,1.0,0,5,5,True,True,31.068047246756052,30.901287553648068,0.5367562749712128,
piv,30,30,20,1.0,0,5,4,False,True,31.068047246756052,23.076923076923077,25.72135965406504,
reference,30,30,20,1.0,1,5,3,False,False,29.579842931887594,14.87603305785124,49.70888421515378,
consecutive,30,30,20,1.0,1,5,5,True,True,29.579842931887594,29.75206611570248,0.5822315696924344,
piv,30,30,20,1.0,1,5,5,True,True,29.579842931887594,29.75206611570248,0.5822315696924344,
reference,30,30,20,1.0,2,5,4,False,True,30.236164580105328,25.592417061611375,15.358255860101474,
consecutive,30,30,20,1.0,2,5,3,False,False,30.236164580105328,19.999999999999996,33.85404439437561,
piv,30,30,20,1.0,2,5,5,True,True,30.236164580105328,28.346456692913385,6.249826700689827,
reference,30,30,20,0.25,0,5,5,True,True,31.068047246756052,34.95145631067961,12.499688290930617,
consecutive,30,30,20,0.25,0,5,3,False,False,31.068047246756052,20.68965517241379,33.405356931230735,
piv,30,30,20,0.25,0,5,6,False,True,31.068047246756052,32.608695652173914,4.958948314908102,
reference,30,30,20,0.25,1,5,2,False,False,29.579842931887594,7.43801652892562,74.85444210757689,
consecutive,30,30,20,0.25,1,5,5,True,True,29.579842931887594,29.75206611570248,0.5822315696924344,
piv,30,30,20,0.25,1,5,6,False,True,29.579842931887594,31.14186851211073,5.2807095149894945,
reference,30,30,20,0.25,2,5,3,False,False,30.236164580105328,17.22488038277512,43.03219134443832,
consecutive,30,30,20,0.25,2,5,4,False,True,30.236164580105328,22.406639004149373,25.894572558014172,
piv,30,30,20,0.25,2,5,5,True,True,30.236164580105328,30.0,0.7810665915633971,
reference,60,10,0,1.0,0,9,9,True,True,60.08042243032013,60.0,0.13385796415362874,
consecutive,60,10,0,1.0,0,9,9,True,True,60.08042243032013,60.0,0.13385796415362874,
piv,60,10,0,1.0,0,9,9,True,True,60.08042243032013,60.0,0.13385796415362874,
reference,60,10,0,1.0,1,10,4,False,False,59.90151106615631,29.508196721311478,50.738810764352685,
consecutive,60,10,0,1.0,1,10,4,False,False,59.90151106615631,20.224719101123597,66.23671299579229,
piv,60,10,0,1.0,1,10,4,False,False,59.90151106615631,20.0,66.61186062917238,
reference,60,10,0,1.0,2,10,10,True,True,60.85604827776211,61.36363636363636,0.8340799316404648,
consecutive,60,10,0,1.0,2,10,10,True,True,60.85604827776211,61.36363636363636,0.8340799316404648,
piv,60,10,0,1.0,2,10,10,True,True,60.85604827776211,61.36363636363636,0.8340799316404648,
reference,60,10,0,0.25,0,9,9,True,True,60.08042243032013,60.0,0.13385796415362874,
consecutive,60,10,0,0.25,0,9,9,True,True,60.08042243032013,60.0,0.13385796415362874,
piv,60,10,0,0.25,0,9,9,True,True,60.08042243032013,60.0,0.13385796415362874,
reference,60,10,0,0.25,1,10,4,False,False,59.90151106615631,29.508196721311478,50.738810764352685,
consecutive,60,10,0,0.25,1,10,4,False,False,59.90151106615631,20.224719101123597,66.23671299579229,
piv,60,10,0,0.25,1,10,5,False,False,59.90151106615631,26.666666666666668,55.48248083889651,
reference,60,10,0,0.25,2,10,10,True,True,60.85604827776211,61.36363636363636,0.8340799316404648,
consecutive,60,10,0,0.25,2,10,10,True,True,60.85604827776211,61.36363636363636,0.8340799316404648,
piv,60,10,0,0.25,2,10,10,True,True,60.85604827776211,61.36363636363636,0.8340799316404648,
reference,60,10,5,1.0,0,9,9,True,True,60.08042243032013,60.0,0.13385796415362874,
consecutive,60,10,5,1.0,0,9,9,True,True,60.08042243032013,60.0,0.13385796415362874,
piv,60,10,5,1.0,0,9,9,True,True,60.08042243032013,60.0,0.13385796415362874,
reference,60,10,5,1.0,1,10,4,False,False,59.90151106615631,29.508196721311478,50.738810764352685,
consecutive,60,10,5,1.0,1,10,4,False,False,59.90151106615631,20.0,66.61186062917238,
piv,60,10,5,1.0,1,10,4,False,False,59.90151106615631,20.224719101123597,66.23671299579229,
reference,60,10,5,1.0,2,10,10,True,True,60.85604827776211,61.36363636363636,0.8340799316404648,
consecutive,60,10,5,1.0,2,10,10,True,True,60.85604827776211,60.674157303370784,0.2988872586026847,
piv,60,10,5,1.0,2,10,10,True,True,60.85604827776211,60.6741573033708,0.29888725860266135,
reference,60,10,5,0.25,0,9,9,True,True,60.08042243032013,60.0,0.13385796415362874,
consecutive,60,10,5,0.25,0,9,9,True,True,60.08042243032013,60.0,0.13385796415362874,
piv,60,10,5,0.25,0,9,9,True,True,60.08042243032013,60.0,0.13385796415362874,
reference,60,10,5,0.25,1,10,5,False,False,59.90151106615631,30.0,49.91779094375857,
consecutive,60,10,5,0.25,1,10,4,False,False,59.90151106615631,20.0,66.61186062917238,
piv,60,10,5,0.25,1,10,4,False,False,59.90151106615631,20.224719101123597,66.23671299579229,
reference,60,10,5,0.25,2,10,10,True,True,60.85604827776211,61.36363636363636,0.8340799316404648,
consecutive,60,10,5,0.25,2,10,10,True,True,60.85604827776211,61.36363636363636,0.8340799316404648,
piv,60,10,5,0.25,2,10,10,True,True,60.85604827776211,60.6741573033708,0.29888725860266135,
reference,60,10,10,1.0,0,9,9,True,True,60.08042243032013,60.0,0.13385796415362874,
consecutive,60,10,10,1.0,0,9,9,True,True,60.08042243032013,60.0,0.13385796415362874,
piv,60,10,10,1.0,0,9,9,True,True,60.08042243032013,60.75949367088607,1.1302704160469532,
reference,60,10,10,1.0,1,10,5,False,False,59.90151106615631,29.62962962962963,50.53608982099611,
consecutive,60,10,10,1.0,1,10,4,False,False,59.90151106615631,20.0,66.61186062917238,
piv,60,10,10,1.0,1,10,4,False,False,59.90151106615631,22.222222222222218,62.90206736574709,
reference,60,10,10,1.0,2,10,10,True,True,60.85604827776211,60.6741573033708,0.29888725860266135,
consecutive,60,10,10,1.0,2,10,5,False,False,60.85604827776211,26.96629213483146,55.688394337156744,
piv,60,10,10,1.0,2,10,10,True,True,60.85604827776211,60.6741573033708,0.29888725860266135,
reference,60,10,10,0.25,0,9,9,True,True,60.08042243032013,60.0,0.13385796415362874,
consecutive,60,10,10,0.25,0,9,9,True,True,60.08042243032013,60.0,0.13385796415362874,
piv,60,10,10,0.25,0,9,9,True,True,60.08042243032013,60.75949367088607,1.1302704160469532,
reference,60,10,10,0.25,1,10,4,False,False,59.90151106615631,29.508196721311478,50.738810764352685,
consecutive,60,10,10,0.25,1,10,4,False,False,59.90151106615631,20.0,66.61186062917238,
piv,60,10,10,0.25,1,10,4,False,False,59.90151106615631,20.224719101123597,66.23671299579229,
reference,60,10,10,0.25,2,10,10,True,True,60.85604827776211,61.36363636363636,0.8340799316404648,
consecutive,60,10,10,0.25,2,10,10,True,True,60.85604827776211,60.674157303370784,0.2988872586026847,
piv,60,10,10,0.25,2,10,10,True,True,60.85604827776211,60.6741573033708,0.29888725860266135,
reference,60,10,20,1.0,0,9,1,False,False,60.08042243032013,,,
consecutive,60,10,20,1.0,0,9,9,True,True,60.08042243032013,60.0,0.13385796415362874,
piv,60,10,20,1.0,0,9,9,True,True,60.08042243032013,60.75949367088607,1.1302704160469532,
reference,60,10,20,1.0,1,10,1,False,False,59.90151106615631,,,
consecutive,60,10,20,1.0,1,10,4,False,False,59.90151106615631,20.0,66.61186062917238,
piv,60,10,20,1.0,1,10,6,False,False,59.90151106615631,33.70786516853933,43.72785499298715,
reference,60,10,20,1.0,2,10,1,False,False,60.85604827776211,,,
consecutive,60,10,20,1.0,2,10,5,False,False,60.85604827776211,26.96629213483146,55.688394337156744,
piv,60,10,20,1.0,2,10,11,False,True,60.85604827776211,63.15789473684211,3.7824448419223637,
reference,60,10,20,0.25,0,9,1,False,False,60.08042243032013,,,
consecutive,60,10,20,0.25,0,9,9,True,True,60.08042243032013,60.0,0.13385796415362874,
piv,60,10,20,0.25,0,9,11,False,False,60.08042243032013,65.21739130434783,8.550154386789536,
reference,60,10,20,0.25,1,10,1,False,False,59.90151106615631,,,
consecutive,60,10,20,0.25,1,10,4,False,False,59.90151106615631,20.0,66.61186062917238,
piv,60,10,20,0.25,1,10,5,False,False,59.90151106615631,26.966292134831466,54.982283994389704,
reference,60,10,20,0.25,2,10,1,False,False,60.85604827776211,,,
consecutive,60,10,20,0.25,2,10,5,False,False,60.85604827776211,26.96629213483146,55.688394337156744,
piv,60,10,20,0.25,2,10,5,False,False,60.85604827776211,27.27272727272727,55.184853363715355,
reference,60,15,0,1.0,0,9,9,True,True,60.08042243032013,60.0,0.13385796415362874,
consecutive,60,15,0,1.0,0,9,9,True,True,60.08042243032013,60.0,0.13385796415362874,
piv,60,15,0,1.0,0,9,9,True,True,60.08042243032013,60.0,0.13385796415362874,
reference,60,15,0,1.0,1,10,10,True,True,59.90151106615631,60.0,0.16441811248286725,
consecutive,60,15,0,1.0,1,10,5,False,False,59.90151106615631,26.666666666666668,55.48248083889651,
piv,60,15,0,1.0,1,10,5,False,False,59.90151106615631,26.47058823529412,55.809815538610486,
reference,60,15,0,1.0,2,10,10,True,True,60.85604827776211,60.90225563909774,0.07592895471083407,
consecutive,60,15,0,1.0,2,10,10,True,True,60.85604827776211,60.90225563909774,0.07592895471083407,
piv,60,15,0,1.0,2,10,10,True,True,60.85604827776211,60.90225563909774,0.07592895471083407,
reference,60,15,0,0.25,0,9,9,True,True,60.08042243032013,60.0,0.13385796415362874,
consecutive,60,15,0,0.25,0,9,9,True,True,60.08042243032013,60.0,0.13385796415362874,
piv,60,15,0,0.25,0,9,9,True,True,60.08042243032013,60.0,0.13385796415362874,
reference,60,15,0,0.25,1,10,10,True,True,59.90151106615631,60.0,0.16441811248286725,
consecutive,60,15,0,0.25,1,10,5,False,False,59.90151106615631,26.666666666666668,55.48248083889651,
piv,60,15,0,0.25,1,10,10,True,True,59.90151106615631,59.55882352941177,0.5720849618736188,
reference,60,15,0,0.25,2,10,10,True,True,60.85604827776211,60.90225563909774,0.07592895471083407,
consecutive,60,15,0,0.25,2,10,10,True,True,60.85604827776211,60.90225563909774,0.07592895471083407,
piv,60,15,0,0.25,2,10,10,True,True,60.85604827776211,60.90225563909774,0.07592895471083407,
reference,60,15,5,1.0,0,9,9,True,True,60.08042243032013,60.0,0.13385796415362874,
consecutive,60,15,5,1.0,0,9,9,True,True,60.08042243032013,60.0,0.13385796415362874,
piv,60,15,5,1.0,0,9,9,True,True,60.08042243032013,60.0,0.13385796415362874,
reference,60,15,5,1.0,1,10,10,True,True,59.90151106615631,60.0,0.16441811248286725,
consecutive,60,15,5,1.0,1,10,5,False,False,59.90151106615631,26.666666666666668,55.48248083889651,
piv,60,15,5,1.0,1,10,10,True,True,59.90151106615631,60.0,0.16441811248286725,
reference,60,15,5,1.0,2,10,10,True,True,60.85604827776211,60.90225563909774,0.07592895471083407,
consecutive,60,15,5,1.0,2,10,10,True,True,60.85604827776211,60.90225563909774,0.07592895471083407,
piv,60,15,5,1.0,2,10,10,True,True,60.85604827776211,60.90225563909774,0.07592895471083407,
reference,60,15,5,0.25,0,9,9,True,True,60.08042243032013,60.0,0.13385796415362874,
consecutive,60,15,5,0.25,0,9,9,True,True,60.08042243032013,60.0,0.13385796415362874,
piv,60,15,5,0.25,0,9,9,True,True,60.08042243032013,60.50420168067227,0.7053533134585227,
reference,60,15,5,0.25,1,10,10,True,True,59.90151106615631,60.0,0.16441811248286725,
consecutive,60,15,5,0.25,1,10,5,False,False,59.90151106615631,26.666666666666668,55.48248083889651,
piv,60,15,5,0.25,1,10,9,False,True,59.90151106615631,59.50413223140496,0.6633869958847585,
reference,60,15,5,0.25,2,10,10,True,True,60.85604827776211,60.90225563909774,0.07592895471083407,
consecutive,60,15,5,0.25,2,10,10,True,True,60.85604827776211,60.90225563909774,0.07592895471083407,
piv,60,15,5,0.25,2,10,10,True,True,60.85604827776211,60.90225563909774,0.07592895471083407,
reference,60,15,10,1.0,0,9,9,True,True,60.08042243032013,60.0,0.13385796415362874,
consecutive,60,15,10,1.0,0,9,9,True,True,60.08042243032013,60.0,0.13385796415362874,
piv,60,15,10,1.0,0,9,9,True,True,60.08042243032013,60.50420168067227,0.7053533134585227,
reference,60,15,10,1.0,1,10,5,False,False,59.90151106615631,26.666666666666668,55.48248083889651,
consecutive,60,15,10,1.0,1,10,5,False,False,59.90151106615631,26.666666666666668,55.48248083889651,
piv,60,15,10,1.0,1,10,11,False,True,59.90151106615631,62.499999999999986,4.337935533836297,
reference,60,15,10,1.0,2,10,10,True,True,60.85604827776211,60.90225563909774,0.07592895471083407,
consecutive,60,15,10,1.0,2,10,10,True,True,60.85604827776211,60.90225563909774,0.07592895471083407,
piv,60,15,10,1.0,2,10,10,True,True,60.85604827776211,60.90225563909774,0.07592895471083407,
reference,60,15,10,0.25,0,9,9,True,True,60.08042243032013,60.0,0.13385796415362874,
consecutive,60,15,10,0.25,0,9,9,True,True,60.08042243032013,60.0,0.13385796415362874,
piv,60,15,10,0.25,0,9,9,True,True,60.08042243032013,60.50420168067227,0.7053533134585227,
reference,60,15,10,0.25,1,10,9,False,True,59.90151106615631,59.50413223140496,0.6633869958847585,
consecutive,60,15,10,0.25,1,10,5,False,False,59.90151106615631,26.666666666666668,55.48248083889651,
piv,60,15,10,0.25,1,10,10,True,True,59.90151106615631,60.0,0.16441811248286725,
reference,60,15,10,0.25,2,10,10,True,True,60.85604827776211,60.90225563909774,0.07592895471083407,
consecutive,60,15,10,0.25,2,10,10,True,True,60.85604827776211,60.90225563909774,0.07592895471083407,
piv,60,15,10,0.25,2,10,10,True,True,60.85604827776211,60.90225563909774,0.07592895471083407,
reference,60,15,20,1.0,0,9,1,False,False,60.08042243032013,,,
consecutive,60,15,20,1.0,0,9,10,False,True,60.08042243032013,62.790697674418595,4.511078874722931,
piv,60,15,20,1.0,0,9,11,False,False,60.08042243032013,63.82978723404255,6.240576633879111,
reference,60,15,20,1.0,1,10,1,False,False,59.90151106615631,,,
consecutive,60,15,20,1.0,1,10,5,False,False,59.90151106615631,26.666666666666668,55.48248083889651,
piv,60,15,20,1.0,1,10,10,True,True,59.90151106615631,60.0,0.16441811248286725,
reference,60,15,20,1.0,2,10,5,False,False,60.85604827776211,30.508474576271187,49.867802067884966,
consecutive,60,15,20,1.0,2,10,10,True,True,60.85604827776211,60.90225563909774,0.07592895471083407,
piv,60,15,20,1.0,2,10,10,True,True,60.85604827776211,60.0,1.4066774001737614,
reference,60,15,20,0.25,0,9,1,False,False,60.08042243032013,,,
consecutive,60,15,20,0.25,0,9,11,False,False,60.08042243032013,64.28571428571428,6.99943789554967,
piv,60,15,20,0.25,0,9,11,False,False,60.08042243032013,63.82978723404255,6.240576633879111,
reference,60,15,20,0.25,1,10,1,False,False,59.90151106615631,,,
consecutive,60,15,20,0.25,1,10,6,False,False,59.90151106615631,33.333333333333336,44.35310104862062,
piv,60,15,20,0.25,1,10,10,True,True,59.90151106615631,59.55882352941177,0.5720849618736188,
reference,60,15,20,0.25,2,10,1,False,False,60.85604827776211,,,
consecutive,60,15,20,0.25,2,10,10,True,True,60.85604827776211,60.90225563909774,0.07592895471083407,
piv,60,15,20,0.25,2,10,9,False,True,60.85604827776211,62.06896551724138,1.9930923446478355,
reference,60,30,0,1.0,0,9,9,True,True,60.08042243032013,60.2510460251046,0.2839920025235483,
consecutive,60,30,0,1.0,0,9,9,True,True,60.08042243032013,60.0,0.13385796415362874,
piv,60,30,0,1.0,0,9,9,True,True,60.08042243032013,60.50420168067227,0.7053533134585227,
reference,60,30,0,1.0,1,10,10,True,True,59.90151106615631,59.778597785977844,0.20519228645621007,
consecutive,60,30,0,1.0,1,10,5,False,False,59.90151106615631,29.629629629629623,50.536089820996125,
piv,60,30,0,1.0,1,10,5,False,False,59.90151106615631,29.75206611570248,50.331693497942375,
reference,60,30,0,1.0,2,10,10,True,True,60.85604827776211,60.6741573033708,0.29888725860266135,
consecutive,60,30,0,1.0,2,10,10,True,True,60.85604827776211,60.90225563909774,0.07592895471083407,
piv,60,30,0,1.0,2,10,10,True,True,60.85604827776211,60.90225563909774,0.07592895471083407,
reference,60,30,0,0.25,0,9,9,True,True,60.08042243032013,60.2510460251046,0.2839920025235483,
consecutive,60,30,0,0.25,0,9,9,True,True,60.08042243032013,60.0,0.13385796415362874,
piv,60,30,0,0.25,0,9,9,True,True,60.08042243032013,59.75103734439833,0.5482402962525985,
reference,60,30,0,0.25,1,10,10,True,True,59.90151106615631,59.778597785977844,0.20519228645621007,
consecutive,60,30,0,0.25,1,10,5,False,False,59.90151106615631,29.629629629629623,50.536089820996125,
piv,60,30,0,0.25,1,10,5,False,False,59.90151106615631,29.75206611570248,50.331693497942375,
reference,60,30,0,0.25,2,10,10,True,True,60.85604827776211,60.6741573033708,0.29888725860266135,
consecutive,60,30,0,0.25,2,10,10,True,True,60.85604827776211,60.90225563909774,0.07592895471083407,
piv,60,30,0,0.25,2,10,10,True,True,60.85604827776211,60.90225563909774,0.07592895471083407,
reference,60,30,5,1.0,0,9,9,True,True,60.08042243032013,60.0,0.13385796415362874,
consecutive,60,30,5,1.0,0,9,9,True,True,60.08042243032013,60.0,0.13385796415362874,
piv,60,30,5,1.0,0,9,10,False,True,60.08042243032013,60.674157303370784,0.9882335193952022,
reference,60,30,5,1.0,1,10,10,True,True,59.90151106615631,59.778597785977844,0.20519228645621007,
consecutive,60,30,5,1.0,1,10,5,False,False,59.90151106615631,26.666666666666668,55.48248083889651,
piv,60,30,5,1.0,1,10,5,False,False,59.90151106615631,26.568265682656822,55.64675212731387,
reference,60,30,5,1.0,2,10,10,True,True,60.85604827776211,60.6741573033708,0.29888725860266135,
consecutive,60,30,5,1.0,2,10,10,True,True,60.85604827776211,60.90225563909774,0.07592895471083407,
piv,60,30,5,1.0,2,10,10,True,True,60.85604827776211,60.6741573033708,0.29888725860266135,
reference,60,30,5,0.25,0,9,9,True,True,60.08042243032013,60.0,0.13385796415362874,
consecutive,60,30,5,0.25,0,9,9,True,True,60.08042243032013,60.0,0.13385796415362874,
piv,60,30,5,0.25,0,9,10,False,True,60.08042243032013,60.674157303370784,0.9882335193952022,
reference,60,30,5,0.25,1,10,10,True,True,59.90151106615631,59.778597785977844,0.20519228645621007,
consecutive,60,30,5,0.25,1,10,5,False,False,59.90151106615631,29.629629629629623,50.536089820996125,
piv,60,30,5,0.25,1,10,5,False,False,59.90151106615631,26.666666666666668,55.48248083889651,
reference,60,30,5,0.25,2,10,10,True,True,60.85604827776211,60.6741573033708,0.29888725860266135,
consecutive,60,30,5,0.25,2,10,10,True,True,60.85604827776211,60.90225563909774,0.07592895471083407,
piv,60,30,5,0.25,2,10,10,True,True,60.85604827776211,60.674157303370784,0.2988872586026847,
reference,60,30,10,1.0,0,9,9,True,True,60.08042243032013,60.0,0.13385796415362874,
consecutive,60,30,10,1.0,0,9,9,True,True,60.08042243032013,60.0,0.13385796415362874,
piv,60,30,10,1.0,0,9,9,True,True,60.08042243032013,60.0,0.13385796415362874,
reference,60,30,10,1.0,1,10,10,True,True,59.90151106615631,59.778597785977844,0.20519228645621007,
consecutive,60,30,10,1.0,1,10,5,False,False,59.90151106615631,26.666666666666668,55.48248083889651,
piv,60,30,10,1.0,1,10,11,False,True,59.90151106615631,62.06896551724139,3.6183635646374634,
reference,60,30,10,1.0,2,10,10,True,True,60.85604827776211,60.6741573033708,0.29888725860266135,
consecutive,60,30,10,1.0,2,10,10,True,True,60.85604827776211,60.90225563909774,0.07592895471083407,
piv,60,30,10,1.0,2,10,10,True,True,60.85604827776211,60.674157303370784,0.2988872586026847,
reference,60,30,10,0.25,0,9,9,True,True,60.08042243032013,60.0,0.13385796415362874,
consecutive,60,30,10,0.25,0,9,9,True,True,60.08042243032013,60.0,0.13385796415362874,
piv,60,30,10,0.25,0,9,9,True,True,60.08042243032013,61.01694915254237,1.5587885110301978,
reference,60,30,10,0.25,1,10,9,False,True,59.90151106615631,59.259259259259245,1.0721796419922531,
consecutive,60,30,10,0.25,1,10,6,False,False,59.90151106615631,33.333333333333336,44.35310104862062,
piv,60,30,10,0.25,1,10,11,False,True,59.90151106615631,62.068965517241374,3.61836356463744,
reference,60,30,10,0.25,2,10,10,True,True,60.85604827776211,60.6741573033708,0.29888725860266135,
consecutive,60,30,10,0.25,2,10,10,True,True,60.85604827776211,60.90225563909774,0.07592895471083407,
piv,60,30,10,0.25,2,10,10,True,True,60.85604827776211,60.6741573033708,0.29888725860266135,
reference,60,30,20,1.0,0,9,8,False,True,60.08042243032013,52.5,12.617125718634426,
consecutive,60,30,20,1.0,0,9,11,False,False,60.08042243032013,62.5,4.02723128733997,
piv,60,30,20,1.0,0,9,10,False,True,60.08042243032013,56.4459930313589,6.049274042931955,
reference,60,30,20,1.0,1,10,1,False,False,59.90151106615631,,,
consecutive,60,30,20,1.0,1,10,6,False,False,59.90151106615631,33.21033210332102,44.55844015914234,
piv,60,30,20,1.0,1,10,10,True,True,59.90151106615631,59.12408759124087,1.2978361665314868,
reference,60,30,20,1.0,2,10,10,True,True,60.85604827776211,60.6741573033708,0.29888725860266135,
consecutive,60,30,20,1.0,2,10,11,False,True,60.85604827776211,63.60424028268551,4.515889681794595,
piv,60,30,20,1.0,2,10,12,False,False,60.85604827776211,68.75,12.971515478967566,
reference,60,30,20,0.25,0,9,1,False,False,60.08042243032013,,,
consecutive,60,30,20,0.25,0,9,11,False,False,60.08042243032013,62.5,4.02723128733997,
piv,60,30,20,0.25,0,9,10,False,True,60.08042243032013,56.250000000000014,6.375491841394003,
reference,60,30,20,0.25,1,10,1,False,False,59.90151106615631,,,
consecutive,60,30,20,0.25,1,10,6,False,False,59.90151106615631,33.21033210332102,44.55844015914234,
piv,60,30,20,0.25,1,10,10,True,True,59.90151106615631,62.06896551724139,3.6183635646374634,
reference,60,30,20,0.25,2,10,1,False,False,60.85604827776211,,,
consecutive,60,30,20,0.25,2,10,11,False,True,60.85604827776211,63.60424028268551,4.515889681794595,
piv,60,30,20,0.25,2,10,10,True,True,60.85604827776211,61.13207547169811,0.45357396963427304,
reference,90,10,0,1.0,0,14,14,True,True,89.91398651221725,89.6551724137931,0.28784631675627737,
consecutive,90,10,0,1.0,0,14,14,True,True,89.91398651221725,89.65517241379311,0.28784631675626154,
piv,90,10,0,1.0,0,14,14,True,True,89.91398651221725,89.65517241379311,0.28784631675626154,
reference,90,10,0,1.0,1,14,14,True,True,89.44702251085548,89.6551724137931,0.23270746984602966,
consecutive,90,10,0,1.0,1,14,14,True,True,89.44702251085548,89.65517241379311,0.23270746984604554,
piv,90,10,0,1.0,1,14,14,True,True,89.44702251085548,89.65517241379311,0.23270746984604554,
reference,90,10,0,1.0,2,15,7,False,False,91.09755937528391,41.860465116279066,54.04875234491033,
consecutive,90,10,0,1.0,2,15,6,False,False,91.09755937528391,34.88372093023257,61.7072936207586,
piv,90,10,0,1.0,2,15,6,False,False,91.09755937528391,32.25806451612903,64.58954033747571,
reference,90,10,0,0.25,0,14,14,True,True,89.91398651221725,89.6551724137931,0.28784631675627737,
consecutive,90,10,0,0.25,0,14,14,True,True,89.91398651221725,89.65517241379311,0.28784631675626154,
piv,90,10,0,0.25,0,14,14,True,True,89.91398651221725,89.65517241379311,0.28784631675626154,
reference,90,10,0,0.25,1,14,14,True,True,89.44702251085548,89.6551724137931,0.23270746984602966,
consecutive,90,10,0,0.25,1,14,14,True,True,89.44702251085548,89.65517241379311,0.23270746984604554,
piv,90,10,0,0.25,1,14,14,True,True,89.44702251085548,89.65517241379311,0.23270746984604554,
reference,90,10,0,0.25,2,15,7,False,False,91.09755937528391,41.860465116279066,54.04875234491033,
consecutive,90,10,0,0.25,2,15,6,False,False,91.09755937528391,34.88372093023257,61.7072936207586,
piv,90,10,0,0.25,2,15,6,False,False,91.09755937528391,32.25806451612903,64.58954033747571,
reference,90,10,5,1.0,0,14,14,True,True,89.91398651221725,89.6551724137931,0.28784631675627737,
consecutive,90,10,5,1.0,0,14,14,True,True,89.91398651221725,89.65517241379311,0.28784631675626154,
piv,90,10,5,1.0,0,14,14,True,True,89.91398651221725,89.65517241379311,0.28784631675626154,
reference,90,10,5,1.0,1,14,14,True,True,89.44702251085548,89.6551724137931,0.23270746984602966,
consecutive,90,10,5,1.0,1,14,14,True,True,89.44702251085548,88.63636363636364,0.9063005695840265,
piv,90,10,5,1.0,1,14,14,True,True,89.44702251085548,89.65517241379311,0.23270746984604554,
reference,90,10,5,1.0,2,15,6,False,False,91.09755937528391,34.48275862068966,62.14743967109471,
consecutive,90,10,5,1.0,2,15,6,False,False,91.09755937528391,34.48275862068966,62.14743967109471,
piv,90,10,5,1.0,2,15,15,True,True,91.09755937528391,91.30434782608695,0.22699669697095168,
reference,90,10,5,0.25,0,14,14,True,True,89.91398651221725,89.6551724137931,0.28784631675627737,
consecutive,90,10,5,0.25,0,14,14,True,True,89.91398651221725,89.65517241379311,0.28784631675626154,
piv,90,10,5,0.25,0,14,14,True,True,89.91398651221725,89.65517241379311,0.28784631675626154,
reference,90,10,5,0.25,1,14,14,True,True,89.44702251085548,89.6551724137931,0.23270746984602966,
consecutive,90,10,5,0.25,1,14,14,True,True,89.44702251085548,89.65517241379311,0.23270746984604554,
piv,90,10,5,0.25,1,14,14,True,True,89.44702251085548,89.65517241379311,0.23270746984604554,
reference,90,10,5,0.25,2,15,6,False,False,91.09755937528391,34.883720930232556,61.707293620758605,
consecutive,90,10,5,0.25,2,15,6,False,False,91.09755937528391,34.88372093023257,61.7072936207586,
piv,90,10,5,0.25,2,15,15,True,True,91.09755937528391,91.30434782608695,0.22699669697095168,
reference,90,10,10,1.0,0,14,14,True,True,89.91398651221725,89.6551724137931,0.28784631675627737,
consecutive,90,10,10,1.0,0,14,14,True,True,89.91398651221725,89.65517241379311,0.28784631675626154,
piv,90,10,10,1.0,0,14,14,True,True,89.91398651221725,89.65517241379311,0.28784631675626154,
reference,90,10,10,1.0,1,14,14,True,True,89.44702251085548,89.6551724137931,0.23270746984602966,
consecutive,90,10,10,1.0,1,14,14,True,True,89.44702251085548,88.63636363636364,0.9063005695840265,
piv,90,10,10,1.0,1,14,14,True,True,89.44702251085548,90.69767441860465,1.3982040683326171,
reference,90,10,10,1.0,2,15,7,False,False,91.09755937528391,38.70967741935484,57.50744840497084,
consecutive,90,10,10,1.0,2,15,6,False,False,91.09755937528391,34.48275862068966,62.14743967109471,
piv,90,10,10,1.0,2,15,7,False,False,91.09755937528391,39.130434782608695,57.0455728441553,
reference,90,10,10,0.25,0,14,14,True,True,89.91398651221725,89.6551724137931,0.28784631675627737,
consecutive,90,10,10,0.25,0,14,14,True,True,89.91398651221725,89.65517241379311,0.28784631675626154,
piv,90,10,10,0.25,0,14,14,True,True,89.91398651221725,89.65517241379311,0.28784631675626154,
reference,90,10,10,0.25,1,14,10,False,False,89.44702251085548,80.59701492537314,9.894133238932884,
consecutive,90,10,10,0.25,1,14,14,True,True,89.44702251085548,88.63636363636364,0.9063005695840265,
piv,90,10,10,0.25,1,14,14,True,True,89.44702251085548,89.65517241379311,0.23270746984604554,
reference,90,10,10,0.25,2,15,13,False,False,91.09755937528391,83.72093023255813,8.097504689820662,
consecutive,90,10,10,0.25,2,15,6,False,False,91.09755937528391,34.48275862068966,62.14743967109471,
piv,90,10,10,0.25,2,15,8,False,False,91.09755937528391,45.16129032258065,50.42535647246598,
reference,90,10,20,1.0,0,14,2,False,False,89.91398651221725,149.99999999999986,66.82610327773455,
consecutive,90,10,20,1.0,0,14,14,True,True,89.91398651221725,89.65517241379311,0.28784631675626154,
piv,90,10,20,1.0,0,14,14,True,True,89.91398651221725,87.64044943820224,2.5285688714359122,
reference,90,10,20,1.0,1,14,1,False,False,89.44702251085548,,,
consecutive,90,10,20,1.0,1,14,15,False,True,89.44702251085548,95.45454545454547,6.716291694294135,
piv,90,10,20,1.0,1,14,6,False,False,89.44702251085548,38.46153846153847,57.00076158837965,
reference,90,10,20,1.0,2,15,2,False,False,91.09755937528391,150.0000000000002,64.65863743073822,
consecutive,90,10,20,1.0,2,15,6,False,False,91.09755937528391,34.48275862068966,62.14743967109471,
piv,90,10,20,1.0,2,15,6,False,False,91.09755937528391,32.608695652173914,64.20464403679608,
reference,90,10,20,0.25,0,14,1,False,False,89.91398651221725,,,
consecutive,90,10,20,0.25,0,14,14,True,True,89.91398651221725,89.65517241379311,0.28784631675626154,
piv,90,10,20,0.25,0,14,8,False,False,89.91398651221725,47.19101123595507,47.515383238465475,
reference,90,10,20,0.25,1,14,1,False,False,89.44702251085548,,,
consecutive,90,10,20,0.25,1,14,15,False,True,89.44702251085548,95.45454545454544,6.716291694294103,
piv,90,10,20,0.25,1,14,5,False,False,89.44702251085548,27.27272727272727,69.5096309444874,
reference,90,10,20,0.25,2,15,2,False,False,91.09755937528391,150.0000000000002,64.65863743073822,
consecutive,90,10,20,0.25,2,15,6,False,False,91.09755937528391,34.48275862068966,62.14743967109471,
piv,90,10,20,0.25,2,15,8,False,False,91.09755937528391,48.83720930232559,46.39021106906204,
reference,90,15,0,1.0,0,14,14,True,True,89.91398651221725,89.99999999999999,0.09566196664080627,
consecutive,90,15,0,1.0,0,14,14,True,True,89.91398651221725,90.0,0.09566196664082208,
piv,90,15,0,1.0,0,14,14,True,True,89.91398651221725,90.0,0.09566196664082208,
reference,90,15,0,1.0,1,14,14,True,True,89.44702251085548,89.99999999999999,0.6182178831915837,
consecutive,90,15,0,1.0,1,14,14,True,True,89.44702251085548,89.31297709923665,0.14986011591672635,
piv,90,15,0,1.0,1,14,6,False,False,89.44702251085548,34.35114503816794,61.59610004458336,
reference,90,15,0,1.0,2,15,15,True,True,91.09755937528391,91.30434782608695,0.22699669697095168,
consecutive,90,15,0,1.0,2,15,15,True,True,91.09755937528391,91.30434782608694,0.22699669697093605,
piv,90,15,0,1.0,2,15,15,True,True,91.09755937528391,90.64748201438847,0.4940608332230987,
reference,90,15,0,0.25,0,14,14,True,True,89.91398651221725,89.99999999999999,0.09566196664080627,
consecutive,90,15,0,0.25,0,14,14,True,True,89.91398651221725,90.0,0.09566196664082208,
piv,90,15,0,0.25,0,14,14,True,True,89.91398651221725,90.0,0.09566196664082208,
reference,90,15,0,0.25,1,14,14,True,True,89.44702251085548,89.99999999999999,0.6182178831915837,
consecutive,90,15,0,0.25,1,14,14,True,True,89.44702251085548,89.31297709923665,0.14986011591672635,
piv,90,15,0,0.25,1,14,6,False,False,89.44702251085548,34.35114503816794,61.59610004458336,
reference,90,15,0,0.25,2,15,15,True,True,91.09755937528391,91.30434782608695,0.22699669697095168,
consecutive,90,15,0,0.25,2,15,15,True,True,91.09755937528391,91.30434782608694,0.22699669697093605,
piv,90,15,0,0.25,2,15,15,True,True,91.09755937528391,90.64748201438847,0.4940608332230987,
reference,90,15,5,1.0,0,14,14,True,True,89.91398651221725,89.99999999999999,0.09566196664080627,
consecutive,90,15,5,1.0,0,14,14,True,True,89.91398651221725,90.0,0.09566196664082208,
piv,90,15,5,1.0,0,14,14,True,True,89.91398651221725,90.0,0.09566196664082208,
reference,90,15,5,1.0,1,14,14,True,True,89.44702251085548,89.99999999999999,0.6182178831915837,
consecutive,90,15,5,1.0,1,14,14,True,True,89.44702251085548,89.31297709923665,0.14986011591672635,
piv,90,15,5,1.0,1,14,14,True,True,89.44702251085548,89.31297709923665,0.14986011591672635,
reference,90,15,5,1.0,2,15,15,True,True,91.09755937528391,91.30434782608695,0.22699669697095168,
consecutive,90,15,5,1.0,2,15,15,True,True,91.09755937528391,91.30434782608694,0.22699669697093605,
piv,90,15,5,1.0,2,15,15,True,True,91.09755937528391,91.30434782608694,0.22699669697093605,
reference,90,15,5,0.25,0,14,14,True,True,89.91398651221725,89.99999999999999,0.09566196664080627,
consecutive,90,15,5,0.25,0,14,14,True,True,89.91398651221725,90.0,0.09566196664082208,
piv,90,15,5,0.25,0,14,14,True,True,89.91398651221725,90.0,0.09566196664082208,
reference,90,15,5,0.25,1,14,14,True,True,89.44702251085548,89.99999999999999,0.6182178831915837,
consecutive,90,15,5,0.25,1,14,14,True,True,89.44702251085548,89.31297709923665,0.14986011591672635,
piv,90,15,5,0.25,1,14,7,False,False,89.44702251085548,41.221374045801525,53.91532005350004,
reference,90,15,5,0.25,2,15,15,True,True,91.09755937528391,91.30434782608695,0.22699669697095168,
consecutive,90,15,5,0.25,2,15,15,True,True,91.09755937528391,91.30434782608694,0.22699669697093605,
piv,90,15,5,0.25,2,15,15,True,True,91.09755937528391,91.30434782608694,0.22699669697093605,
reference,90,15,10,1.0,0,14,14,True,True,89.91398651221725,89.99999999999999,0.09566196664080627,
consecutive,90,15,10,1.0,0,14,14,True,True,89.91398651221725,90.0,0.09566196664082208,
piv,90,15,10,1.0,0,14,14,True,True,89.91398651221725,90.0,0.09566196664082208,
reference,90,15,10,1.0,1,14,14,True,True,89.44702251085548,89.99999999999999,0.6182178831915837,
consecutive,90,15,10,1.0,1,14,14,True,True,89.44702251085548,89.31297709923665,0.14986011591672635,
piv,90,15,10,1.0,1,14,7,False,False,89.44702251085548,41.221374045801525,53.91532005350004,
reference,90,15,10,1.0,2,15,15,True,True,91.09755937528391,91.30434782608695,0.22699669697095168,
consecutive,90,15,10,1.0,2,15,15,True,True,91.09755937528391,91.30434782608694,0.22699669697093605,
piv,90,15,10,1.0,2,15,15,True,True,91.09755937528391,91.30434782608694,0.22699669697093605,
reference,90,15,10,0.25,0,14,14,True,True,89.91398651221725,89.99999999999999,0.09566196664080627,
consecutive,90,15,10,0.25,0,14,14,True,True,89.91398651221725,90.0,0.09566196664082208,
piv,90,15,10,0.25,0,14,14,True,True,89.91398651221725,90.0,0.09566196664082208,
reference,90,15,10,0.25,1,14,14,True,True,89.44702251085548,89.99999999999999,0.6182178831915837,
consecutive,90,15,10,0.25,1,14,14,True,True,89.44702251085548,89.31297709923665,0.14986011591672635,
piv,90,15,10,0.25,1,14,8,False,False,89.44702251085548,48.09160305343512,46.2345400624167,
reference,90,15,10,0.25,2,15,15,True,True,91.09755937528391,91.30434782608695,0.22699669697095168,
consecutive,90,15,10,0.25,2,15,15,True,True,91.09755937528391,91.30434782608694,0.22699669697093605,
piv,90,15,10,0.25,2,15,15,True,True,91.09755937528391,91.30434782608694,0.22699669697093605,
reference,90,15,20,1.0,0,14,1,False,False,89.91398651221725,,,
consecutive,90,15,20,1.0,0,14,14,True,True,89.91398651221725,90.0,0.09566196664082208,
piv,90,15,20,1.0,0,14,14,True,True,89.91398651221725,88.63636363636363,1.4209389722476868,
reference,90,15,20,1.0,1,14,1,False,False,89.44702251085548,,,
consecutive,90,15,20,1.0,1,14,15,False,True,89.44702251085548,91.30434782608695,2.0764529249769814,
piv,90,15,20,1.0,1,14,8,False,False,89.44702251085548,48.09160305343511,46.23454006241671,
reference,90,15,20,1.0,2,15,1,False,False,91.09755937528391,,,
consecutive,90,15,20,1.0,2,15,15,True,True,91.09755937528391,91.30434782608694,0.22699669697093605,
piv,90,15,20,1.0,2,15,15,True,True,91.09755937528391,91.97080291970802,0.9585806144670842,
reference,90,15,20,0.25,0,14,1,False,False,89.91398651221725,,,
consecutive,90,15,20,0.25,0,14,14,True,True,89.91398651221725,90.0,0.09566196664082208,
piv,90,15,20,0.25,0,14,15,False,True,89.91398651221725,94.02985074626865,4.577557278579956,
reference,90,15,20,0.25,1,14,1,False,False,89.44702251085548,,,
consecutive,90,15,20,0.25,1,14,15,False,True,89.44702251085548,91.30434782608695,2.0764529249769814,
piv,90,15,20,0.25,1,14,6,False,False,89.44702251085548,34.61538461538462,61.30068542954169,
reference,90,15,20,0.25,2,15,1,False,False,91.09755937528391,,,
consecutive,90,15,20,0.25,2,15,15,True,True,91.09755937528391,91.30434782608694,0.22699669697093605,
piv,90,15,20,0.25,2,15,15,True,True,91.09755937528391,90.64748201438849,0.49406083322308303,
reference,90,30,0,1.0,0,14,14,True,True,89.91398651221725,89.6551724137931,0.28784631675627737,
consecutive,90,30,0,1.0,0,14,14,True,True,89.91398651221725,90.0,0.09566196664082208,
piv,90,30,0,1.0,0,14,14,True,True,89.91398651221725,90.0,0.09566196664082208,
reference,90,30,0,1.0,1,14,14,True,True,89.44702251085548,89.31297709923663,0.14986011591674223,
consecutive,90,30,0,1.0,1,14,7,False,False,89.44702251085548,45.0,49.690891058404205,
piv,90,30,0,1.0,1,14,14,True,True,89.44702251085548,89.65517241379311,0.23270746984604554,
reference,90,30,0,1.0,2,15,15,True,True,91.09755937528391,90.97472924187726,0.13483361601450006,
consecutive,90,30,0,1.0,2,15,15,True,True,91.09755937528391,90.97472924187726,0.13483361601450006,
piv,90,30,0,1.0,2,15,15,True,True,91.09755937528391,91.30434782608694,0.22699669697093605,
reference,90,30,0,0.25,0,14,14,True,True,89.91398651221725,89.6551724137931,0.28784631675627737,
consecutive,90,30,0,0.25,0,14,14,True,True,89.91398651221725,90.0,0.09566196664082208,
piv,90,30,0,0.25,0,14,14,True,True,89.91398651221725,90.00000000000001,0.09566196664083788,
reference,90,30,0,0.25,1,14,14,True,True,89.44702251085548,89.31297709923663,0.14986011591674223,
consecutive,90,30,0,0.25,1,14,7,False,False,89.44702251085548,45.0,49.690891058404205,
piv,90,30,0,0.25,1,14,6,False,False,89.44702251085548,34.48275862068966,61.44895866544383,
reference,90,30,0,0.25,2,15,15,True,True,91.09755937528391,90.97472924187726,0.13483361601450006,
consecutive,90,30,0,0.25,2,15,15,True,True,91.09755937528391,90.97472924187726,0.13483361601450006,
piv,90,30,0,0.25,2,15,15,True,True,91.09755937528391,91.30434782608694,0.22699669697093605,
reference,90,30,5,1.0,0,14,14,True,True,89.91398651221725,89.6551724137931,0.28784631675627737,
consecutive,90,30,5,1.0,0,14,14,True,True,89.91398651221725,90.0,0.09566196664082208,
piv,90,30,5,1.0,0,14,14,True,True,89.91398651221725,89.65517241379311,0.28784631675626154,
reference,90,30,5,1.0,1,14,14,True,True,89.44702251085548,89.31297709923663,0.14986011591674223,
consecutive,90,30,5,1.0,1,14,6,False,False,89.44702251085548,34.48275862068966,61.44895866544383,
piv,90,30,5,1.0,1,14,15,False,True,89.44702251085548,89.36170212765957,0.09538649895870122,
reference,90,30,5,1.0,2,15,15,True,True,91.09755937528391,90.97472924187726,0.13483361601450006,
consecutive,90,30,5,1.0,2,15,15,True,True,91.09755937528391,90.97472924187726,0.13483361601450006,
piv,90,30,5,1.0,2,15,15,True,True,91.09755937528391,90.97472924187726,0.13483361601450006,
reference,90,30,5,0.25,0,14,14,True,True,89.91398651221725,89.6551724137931,0.28784631675627737,
consecutive,90,30,5,0.25,0,14,14,True,True,89.91398651221725,90.0,0.09566196664082208,
piv,90,30,5,0.25,0,14,14,True,True,89.91398651221725,89.65517241379311,0.28784631675626154,
reference,90,30,5,0.25,1,14,14,True,True,89.44702251085548,89.31297709923663,0.14986011591674223,
consecutive,90,30,5,0.25,1,14,6,False,False,89.44702251085548,34.48275862068966,61.44895866544383,
piv,90,30,5,0.25,1,14,14,True,True,89.44702251085548,89.31297709923665,0.14986011591672635,
reference,90,30,5,0.25,2,15,15,True,True,91.09755937528391,90.97472924187726,0.13483361601450006,
consecutive,90,30,5,0.25,2,15,15,True,True,91.09755937528391,90.97472924187726,0.13483361601450006,
piv,90,30,5,0.25,2,15,15,True,True,91.09755937528391,90.97472924187726,0.13483361601450006,
reference,90,30,10,1.0,0,14,14,True,True,89.91398651221725,89.6551724137931,0.28784631675627737,
consecutive,90,30,10,1.0,0,14,14,True,True,89.91398651221725,90.0,0.09566196664082208,
piv,90,30,10,1.0,0,14,14,True,True,89.91398651221725,90.0,0.09566196664082208,
reference,90,30,10,1.0,1,14,14,True,True,89.44702251085548,89.31297709923663,0.14986011591674223,
consecutive,90,30,10,1.0,1,14,6,False,False,89.44702251085548,34.48275862068966,61.44895866544383,
piv,90,30,10,1.0,1,14,14,True,True,89.44702251085548,88.30188679245282,1.2802390580007068,
reference,90,30,10,1.0,2,15,15,True,True,91.09755937528391,90.97472924187726,0.13483361601450006,
consecutive,90,30,10,1.0,2,15,15,True,True,91.09755937528391,90.97472924187726,0.13483361601450006,
piv,90,30,10,1.0,2,15,15,True,True,91.09755937528391,90.97472924187726,0.13483361601450006,
reference,90,30,10,0.25,0,14,14,True,True,89.91398651221725,90.0,0.09566196664082208,
consecutive,90,30,10,0.25,0,14,14,True,True,89.91398651221725,90.0,0.09566196664082208,
piv,90,30,10,0.25,0,14,14,True,True,89.91398651221725,88.97338403041825,1.0461136451459618,
reference,90,30,10,0.25,1,14,14,True,True,89.44702251085548,89.31297709923663,0.14986011591674223,
consecutive,90,30,10,0.25,1,14,6,False,False,89.44702251085548,34.48275862068966,61.44895866544383,
piv,90,30,10,0.25,1,14,14,True,True,89.44702251085548,89.31297709923665,0.14986011591672635,
reference,90,30,10,0.25,2,15,15,True,True,91.09755937528391,90.97472924187726,0.13483361601450006,
consecutive,90,30,10,0.25,2,15,15,True,True,91.09755937528391,90.97472924187726,0.13483361601450006,
piv,90,30,10,0.25,2,15,15,True,True,91.09755937528391,90.97472924187726,0.13483361601450006,
reference,90,30,20,1.0,0,14,14,True,True,89.91398651221725,90.0,0.09566196664082208,
consecutive,90,30,20,1.0,0,14,15,False,True,89.91398651221725,91.30434782608695,1.5463237342732943,
piv,90,30,20,1.0,0,14,15,False,True,89.91398651221725,91.63636363636364,1.915583093307023,
reference,90,30,20,1.0,1,14,9,False,False,89.44702251085548,54.9618320610687,38.55376007133338,
consecutive,90,30,20,1.0,1,14,8,False,False,89.44702251085548,48.09160305343512,46.2345400624167,
piv,90,30,20,1.0,1,14,15,False,True,89.44702251085548,90.64748201438847,1.3420899542936788,
reference,90,30,20,1.0,2,15,12,False,False,91.09755937528391,83.54430379746834,8.291391810728214,
consecutive,90,30,20,1.0,2,15,15,True,True,91.09755937528391,90.97472924187726,0.13483361601450006,
piv,90,30,20,1.0,2,15,15,True,True,91.09755937528391,91.30434782608695,0.22699669697095168,
reference,90,30,20,0.25,0,14,1,False,False,89.91398651221725,,,
consecutive,90,30,20,0.25,0,14,15,False,True,89.91398651221725,91.30434782608695,1.5463237342732943,
piv,90,30,20,0.25,0,14,9,False,False,89.91398651221725,50.174216027874564,44.19754036702951,
reference,90,30,20,0.25,1,14,1,False,False,89.44702251085548,,,
consecutive,90,30,20,0.25,1,14,7,False,False,89.44702251085548,45.378151260504204,49.26812543704625,
piv,90,30,20,0.25,1,14,6,False,False,89.44702251085548,34.22053231939163,61.74212247787392,
reference,90,30,20,0.25,2,15,1,False,False,91.09755937528391,,,
consecutive,90,30,20,0.25,2,15,15,True,True,91.09755937528391,90.97472924187726,0.13483361601450006,
piv,90,30,20,0.25,2,15,17,False,False,91.09755937528391,110.76923076923076,21.594070718083433,
reference,120,10,0,1.0,0,19,19,True,True,119.80045137191101,118.68131868131869,0.9341640017015165,
consecutive,120,10,0,1.0,0,19,18,False,True,119.80045137191101,113.33333333333333,5.398241796686579,
piv,120,10,0,1.0,0,19,17,False,False,119.80045137191101,112.94117647058823,5.725583520573476,
reference,120,10,0,1.0,1,20,19,False,True,120.75051604828934,120.0,0.6215427253240083,
consecutive,120,10,0,1.0,1,20,20,True,True,120.75051604828934,122.58064516129033,1.515628398862582,
piv,120,10,0,1.0,1,20,3,False,False,120.75051604828934,17.142857142857142,85.80307753218915,
reference,120,10,0,1.0,2,20,20,True,True,120.7030280754134,121.27659574468085,0.47518913022554093,
consecutive,120,10,0,1.0,2,20,20,True,True,120.7030280754134,121.27659574468088,0.4751891302255644,
piv,120,10,0,1.0,2,20,8,False,False,120.7030280754134,49.411764705882355,59.063359475115526,
reference,120,10,0,0.25,0,19,19,True,True,119.80045137191101,118.68131868131869,0.9341640017015165,
consecutive,120,10,0,0.25,0,19,18,False,True,119.80045137191101,113.33333333333333,5.398241796686579,
piv,120,10,0,0.25,0,19,17,False,False,119.80045137191101,112.94117647058823,5.725583520573476,
reference,120,10,0,0.25,1,20,19,False,True,120.75051604828934,120.0,0.6215427253240083,
consecutive,120,10,0,0.25,1,20,20,True,True,120.75051604828934,122.58064516129033,1.515628398862582,
piv,120,10,0,0.25,1,20,3,False,False,120.75051604828934,17.142857142857142,85.80307753218915,
reference,120,10,0,0.25,2,20,20,True,True,120.7030280754134,121.27659574468085,0.47518913022554093,
consecutive,120,10,0,0.25,2,20,20,True,True,120.7030280754134,121.27659574468088,0.4751891302255644,
piv,120,10,0,0.25,2,20,9,False,False,120.7030280754134,53.333333333333336,55.81441975091836,
reference,120,10,5,1.0,0,19,19,True,True,119.80045137191101,118.68131868131869,0.9341640017015165,
consecutive,120,10,5,1.0,0,19,19,True,True,119.80045137191101,118.68131868131866,0.9341640017015403,
piv,120,10,5,1.0,0,19,18,False,True,119.80045137191101,113.33333333333333,5.398241796686579,
reference,120,10,5,1.0,1,20,19,False,True,120.75051604828934,120.0,0.6215427253240083,
consecutive,120,10,5,1.0,1,20,20,True,True,120.75051604828934,121.27659574468085,0.4356749052576479,
piv,120,10,5,1.0,1,20,19,False,True,120.75051604828934,120.0,0.6215427253240083,
reference,120,10,5,1.0,2,20,19,False,True,120.7030280754134,120.0,0.5824444395663037,
consecutive,120,10,5,1.0,2,20,20,True,True,120.7030280754134,121.27659574468088,0.4751891302255644,
piv,120,10,5,1.0,2,20,20,True,True,120.7030280754134,121.27659574468088,0.4751891302255644,
reference,120,10,5,0.25,0,19,19,True,True,119.80045137191101,118.68131868131869,0.9341640017015165,
consecutive,120,10,5,0.25,0,19,18,False,True,119.80045137191101,113.33333333333333,5.398241796686579,
piv,120,10,5,0.25,0,19,19,True,True,119.80045137191101,120.0,0.16656750939068482,
reference,120,10,5,0.25,1,20,18,False,False,120.75051604828934,113.33333333333333,6.142568129472679,
consecutive,120,10,5,0.25,1,20,20,True,True,120.75051604828934,121.27659574468088,0.4356749052576715,
piv,120,10,5,0.25,1,20,19,False,True,120.75051604828934,120.0,0.6215427253240083,
reference,120,10,5,0.25,2,20,19,False,True,120.7030280754134,120.0,0.5824444395663037,
consecutive,120,10,5,0.25,2,20,20,True,True,120.7030280754134,121.27659574468088,0.4751891302255644,
piv,120,10,5,0.25,2,20,19,False,True,120.7030280754134,120.0,0.5824444395663037,
reference,120,10,10,1.0,0,19,12,False,False,119.80045137191101,94.28571428571429,21.297696956907313,
consecutive,120,10,10,1.0,0,19,18,False,True,119.80045137191101,112.08791208791207,6.437821557162559,
piv,120,10,10,1.0,0,19,19,True,True,119.80045137191101,120.0,0.16656750939068482,
reference,120,10,10,1.0,1,20,8,False,False,120.75051604828934,56.75675675675676,52.996675613328925,
consecutive,120,10,10,1.0,1,20,20,True,True,120.75051604828934,121.27659574468085,0.4356749052576479,
piv,120,10,10,1.0,1,20,19,False,True,120.75051604828934,120.0,0.6215427253240083,
reference,120,10,10,1.0,2,20,10,False,False,120.7030280754134,71.99999999999999,40.34946666373979,
consecutive,120,10,10,1.0,2,20,20,True,True,120.7030280754134,121.27659574468088,0.4751891302255644,
piv,120,10,10,1.0,2,20,19,False,True,120.7030280754134,120.0,0.5824444395663037,
reference,120,10,10,0.25,0,19,3,False,False,119.80045137191101,26.666666666666668,77.74076277569095,
consecutive,120,10,10,0.25,0,19,18,False,True,119.80045137191101,112.08791208791207,6.437821557162559,
piv,120,10,10,0.25,0,19,19,True,True,119.80045137191101,120.0,0.16656750939068482,
reference,120,10,10,0.25,1,20,1,False,False,120.75051604828934,,,
consecutive,120,10,10,0.25,1,20,20,True,True,120.75051604828934,121.27659574468085,0.4356749052576479,
piv,120,10,10,0.25,1,20,17,False,False,120.75051604828934,106.66666666666667,11.663593533621338,
reference,120,10,10,0.25,2,20,2,False,False,120.7030280754134,150.0000000000002,24.271944450542286,
consecutive,120,10,10,0.25,2,20,20,True,True,120.7030280754134,121.27659574468088,0.4751891302255644,
piv,120,10,10,0.25,2,20,19,False,True,120.7030280754134,120.0,0.5824444395663037,
reference,120,10,20,1.0,0,19,1,False,False,119.80045137191101,,,
consecutive,120,10,20,1.0,0,19,18,False,True,119.80045137191101,112.08791208791207,6.437821557162559,
piv,120,10,20,1.0,0,19,18,False,True,119.80045137191101,113.33333333333333,5.398241796686579,
reference,120,10,20,1.0,1,20,1,False,False,120.75051604828934,,,
consecutive,120,10,20,1.0,1,20,19,False,True,120.75051604828934,114.89361702127658,4.850413247650657,
piv,120,10,20,1.0,1,20,16,False,False,120.75051604828934,101.12359550561797,16.254109038194393,
reference,120,10,20,1.0,2,20,2,False,False,120.7030280754134,149.99999999999986,24.271944450542,
consecutive,120,10,20,1.0,2,20,20,True,True,120.7030280754134,121.27659574468088,0.4751891302255644,
piv,120,10,20,1.0,2,20,9,False,False,120.7030280754134,51.06382978723405,57.694657208326085,
reference,120,10,20,0.25,0,19,1,False,False,119.80045137191101,,,
consecutive,120,10,20,0.25,0,19,18,False,True,119.80045137191101,112.08791208791207,6.437821557162559,
piv,120,10,20,0.25,0,19,10,False,False,119.80045137191101,63.529411764705884,46.97064073032258,
reference,120,10,20,0.25,1,20,1,False,False,120.75051604828934,,,
consecutive,120,10,20,0.25,1,20,19,False,True,120.75051604828934,114.89361702127658,4.850413247650657,
piv,120,10,20,0.25,1,20,16,False,False,120.75051604828934,98.90109890109889,18.094678070321994,
reference,120,10,20,0.25,2,20,2,False,False,120.7030280754134,149.99999999999986,24.271944450542,
consecutive,120,10,20,0.25,2,20,20,True,True,120.7030280754134,121.27659574468088,0.4751891302255644,
piv,120,10,20,0.25,2,20,7,False,False,120.7030280754134,45.0,62.71841666483736,
reference,120,15,0,1.0,0,19,19,True,True,119.80045137191101,120.0,0.16656750939068482,
consecutive,120,15,0,1.0,0,19,19,True,True,119.80045137191101,119.11764705882354,0.5699513693548294,
piv,120,15,0,1.0,0,19,8,False,False,119.80045137191101,52.066115702479344,56.53929922113213,
reference,120,15,0,1.0,1,20,9,False,False,120.75051604828934,51.06382978723404,57.711294776733624,
consecutive,120,15,0,1.0,1,20,9,False,False,120.75051604828934,50.704225352112665,58.00910255999606,
piv,120,15,0,1.0,1,20,8,False,False,120.75051604828934,56.249999999999986,53.416348152495644,
reference,120,15,0,1.0,2,20,10,False,False,120.7030280754134,60.44776119402985,49.92026119157258,
consecutive,120,15,0,1.0,2,20,11,False,False,120.7030280754134,63.380281690140855,47.490727696954025,
piv,120,15,0,1.0,2,20,10,False,False,120.7030280754134,57.04225352112675,52.741654927258644,
reference,120,15,0,0.25,0,19,19,True,True,119.80045137191101,120.0,0.16656750939068482,
consecutive,120,15,0,0.25,0,19,19,True,True,119.80045137191101,119.11764705882354,0.5699513693548294,
piv,120,15,0,0.25,0,19,9,False,False,119.80045137191101,56.25,53.04692147997312,
reference,120,15,0,0.25,1,20,9,False,False,120.75051604828934,51.06382978723404,57.711294776733624,
consecutive,120,15,0,0.25,1,20,9,False,False,120.75051604828934,50.704225352112665,58.00910255999606,
piv,120,15,0,0.25,1,20,8,False,False,120.75051604828934,56.249999999999986,53.416348152495644,
reference,120,15,0,0.25,2,20,10,False,False,120.7030280754134,60.44776119402985,49.92026119157258,
consecutive,120,15,0,0.25,2,20,11,False,False,120.7030280754134,63.380281690140855,47.490727696954025,
piv,120,15,0,0.25,2,20,10,False,False,120.7030280754134,57.04225352112675,52.741654927258644,
reference,120,15,5,1.0,0,19,8,False,False,119.80045137191101,52.066115702479344,56.53929922113213,
consecutive,120,15,5,1.0,0,19,19,True,True,119.80045137191101,119.11764705882354,0.5699513693548294,
piv,120,15,5,1.0,0,19,19,True,True,119.80045137191101,120.0,0.16656750939068482,
reference,120,15,5,1.0,1,20,9,False,False,120.75051604828934,51.06382978723404,57.711294776733624,
consecutive,120,15,5,1.0,1,20,9,False,False,120.75051604828934,50.704225352112665,58.00910255999606,
piv,120,15,5,1.0,1,20,8,False,False,120.75051604828934,52.94117647058824,56.15656296705471,
reference,120,15,5,1.0,2,20,10,False,False,120.7030280754134,60.44776119402985,49.92026119157258,
consecutive,120,15,5,1.0,2,20,10,False,False,120.7030280754134,57.042253521126774,52.74165492725862,
piv,120,15,5,1.0,2,20,8,False,False,120.7030280754134,49.218749999999986,59.22326822716588,
reference,120,15,5,0.25,0,19,8,False,False,119.80045137191101,52.066115702479344,56.53929922113213,
consecutive,120,15,5,0.25,0,19,19,True,True,119.80045137191101,119.11764705882354,0.5699513693548294,
piv,120,15,5,0.25,0,19,19,True,True,119.80045137191101,120.0,0.16656750939068482,
reference,120,15,5,0.25,1,20,9,False,False,120.75051604828934,51.06382978723404,57.711294776733624,
consecutive,120,15,5,0.25,1,20,9,False,False,120.75051604828934,50.704225352112665,58.00910255999606,
piv,120,15,5,0.25,1,20,9,False,False,120.75051604828934,56.69291338582677,53.04954774424756,
reference,120,15,5,0.25,2,20,20,True,True,120.7030280754134,121.27659574468085,0.47518913022554093,
consecutive,120,15,5,0.25,2,20,9,False,False,120.7030280754134,50.70422535211269,57.99258215756322,
piv,120,15,5,0.25,2,20,8,False,False,120.7030280754134,47.014925373134325,61.04909203788979,
reference,120,15,10,1.0,0,19,9,False,False,119.80045137191101,59.50413223140496,50.33062768129387,
consecutive,120,15,10,1.0,0,19,19,True,True,119.80045137191101,119.11764705882354,0.5699513693548294,
piv,120,15,10,1.0,0,19,19,True,True,119.80045137191101,120.0,0.16656750939068482,
reference,120,15,10,1.0,1,20,9,False,False,120.75051604828934,56.69291338582677,53.04954774424756,
consecutive,120,15,10,1.0,1,20,9,False,False,120.75051604828934,50.704225352112665,58.00910255999606,
piv,120,15,10,1.0,1,20,9,False,False,120.75051604828934,56.692913385826756,53.04954774424757,
reference,120,15,10,1.0,2,20,20,True,True,120.7030280754134,121.27659574468085,0.47518913022554093,
consecutive,120,15,10,1.0,2,20,9,False,False,120.7030280754134,50.70422535211269,57.99258215756322,
piv,120,15,10,1.0,2,20,9,False,False,120.7030280754134,56.692913385826756,53.031076113180944,
reference,120,15,10,0.25,0,19,9,False,False,119.80045137191101,59.50413223140496,50.33062768129387,
consecutive,120,15,10,0.25,0,19,19,True,True,119.80045137191101,119.11764705882354,0.5699513693548294,
piv,120,15,10,0.25,0,19,9,False,False,119.80045137191101,53.333333333333336,55.48152555138191,
reference,120,15,10,0.25,1,20,9,False,False,120.75051604828934,60.50420168067227,49.8932148194911,
consecutive,120,15,10,0.25,1,20,8,False,False,120.75051604828934,44.36619718309859,63.25796473999655,
piv,120,15,10,0.25,1,20,9,False,False,120.75051604828934,56.692913385826756,53.04954774424757,
reference,120,15,10,0.25,2,20,19,False,True,120.7030280754134,120.8955223880597,0.15947761685484474,
consecutive,120,15,10,0.25,2,20,9,False,False,120.7030280754134,50.70422535211269,57.99258215756322,
piv,120,15,10,0.25,2,20,9,False,False,120.7030280754134,50.704225352112665,57.99258215756324,
reference,120,15,20,1.0,0,19,1,False,False,119.80045137191101,,,
consecutive,120,15,20,1.0,0,19,19,True,True,119.80045137191101,119.11764705882354,0.5699513693548294,
piv,120,15,20,1.0,0,19,8,False,False,119.80045137191101,48.83720930232559,59.234536478736345,
reference,120,15,20,1.0,1,20,1,False,False,120.75051604828934,,,
consecutive,120,15,20,1.0,1,20,10,False,False,120.75051604828934,57.446808510638306,52.42520662382532,
piv,120,15,20,1.0,1,20,9,False,False,120.75051604828934,56.249999999999986,53.416348152495644,
reference,120,15,20,1.0,2,20,2,False,False,120.7030280754134,224.9999999999997,86.40791667581293,
consecutive,120,15,20,1.0,2,20,9,False,False,120.7030280754134,50.70422535211269,57.99258215756322,
piv,120,15,20,1.0,2,20,9,False,False,120.7030280754134,53.7313432835821,55.48467661473118,
reference,120,15,20,0.25,0,19,1,False,False,119.80045137191101,,,
consecutive,120,15,20,0.25,0,19,19,True,True,119.80045137191101,119.11764705882354,0.5699513693548294,
piv,120,15,20,0.25,0,19,10,False,False,119.80045137191101,62.3076923076923,47.990436100893305,
reference,120,15,20,0.25,1,20,1,False,False,120.75051604828934,,,
consecutive,120,15,20,0.25,1,20,9,False,False,120.75051604828934,51.06382978723405,57.71129477673361,
piv,120,15,20,0.25,1,20,6,False,False,120.75051604828934,35.15624999999999,70.88521759530977,
reference,120,15,20,0.25,2,20,2,False,False,120.7030280754134,224.9999999999997,86.40791667581293,
consecutive,120,15,20,0.25,2,20,9,False,False,120.7030280754134,50.70422535211269,57.99258215756322,
piv,120,15,20,0.25,2,20,11,False,False,120.7030280754134,67.16417910447761,44.35584576841398,
reference,120,30,0,1.0,0,19,19,True,True,119.80045137191101,120.0,0.16656750939068482,
consecutive,120,30,0,1.0,0,19,19,True,True,119.80045137191101,120.0,0.16656750939068482,
piv,120,30,0,1.0,0,19,19,True,True,119.80045137191101,120.0,0.16656750939068482,
reference,120,30,0,1.0,1,20,20,True,True,120.75051604828934,120.84805653710248,0.080778527500562,
consecutive,120,30,0,1.0,1,20,20,True,True,120.75051604828934,120.84805653710248,0.080778527500562,
piv,120,30,0,1.0,1,20,20,True,True,120.75051604828934,120.84805653710248,0.080778527500562,
reference,120,30,0,1.0,2,20,20,True,True,120.7030280754134,120.84805653710248,0.12015312623181933,
consecutive,120,30,0,1.0,2,20,20,True,True,120.7030280754134,120.42253521126761,0.23238262421265624,
piv,120,30,0,1.0,2,20,20,True,True,120.7030280754134,120.42253521126759,0.2323826242126798,
reference,120,30,0,0.25,0,19,19,True,True,119.80045137191101,120.0,0.16656750939068482,
consecutive,120,30,0,0.25,0,19,19,True,True,119.80045137191101,120.0,0.16656750939068482,
piv,120,30,0,0.25,0,19,19,True,True,119.80045137191101,120.0,0.16656750939068482,
reference,120,30,0,0.25,1,20,20,True,True,120.75051604828934,120.84805653710248,0.080778527500562,
consecutive,120,30,0,0.25,1,20,20,True,True,120.75051604828934,120.84805653710248,0.080778527500562,
piv,120,30,0,0.25,1,20,20,True,True,120.75051604828934,120.84805653710248,0.080778527500562,
reference,120,30,0,0.25,2,20,20,True,True,120.7030280754134,120.84805653710248,0.12015312623181933,
consecutive,120,30,0,0.25,2,20,20,True,True,120.7030280754134,120.42253521126761,0.23238262421265624,
piv,120,30,0,0.25,2,20,20,True,True,120.7030280754134,120.4225352112676,0.23238262421266803,
reference,120,30,5,1.0,0,19,19,True,True,119.80045137191101,120.0,0.16656750939068482,
consecutive,120,30,5,1.0,0,19,19,True,True,119.80045137191101,120.0,0.16656750939068482,
piv,120,30,5,1.0,0,19,19,True,True,119.80045137191101,120.0,0.16656750939068482,
reference,120,30,5,1.0,1,20,20,True,True,120.75051604828934,120.84805653710248,0.080778527500562,
consecutive,120,30,5,1.0,1,20,20,True,True,120.75051604828934,120.84805653710248,0.080778527500562,
piv,120,30,5,1.0,1,20,20,True,True,120.75051604828934,120.4225352112676,0.2716185799906463,
reference,120,30,5,1.0,2,20,20,True,True,120.7030280754134,120.84805653710248,0.12015312623181933,
consecutive,120,30,5,1.0,2,20,20,True,True,120.7030280754134,120.42253521126761,0.23238262421265624,
piv,120,30,5,1.0,2,20,20,True,True,120.7030280754134,120.84805653710245,0.12015312623179578,
reference,120,30,5,0.25,0,19,19,True,True,119.80045137191101,120.0,0.16656750939068482,
consecutive,120,30,5,0.25,0,19,19,True,True,119.80045137191101,120.0,0.16656750939068482,
piv,120,30,5,0.25,0,19,19,True,True,119.80045137191101,120.0,0.16656750939068482,
reference,120,30,5,0.25,1,20,20,True,True,120.75051604828934,120.84805653710248,0.080778527500562,
consecutive,120,30,5,0.25,1,20,20,True,True,120.75051604828934,120.84805653710248,0.080778527500562,
piv,120,30,5,0.25,1,20,20,True,True,120.75051604828934,120.0,0.6215427253240083,
reference,120,30,5,0.25,2,20,20,True,True,120.7030280754134,120.84805653710248,0.12015312623181933,
consecutive,120,30,5,0.25,2,20,20,True,True,120.7030280754134,120.42253521126761,0.23238262421265624,
piv,120,30,5,0.25,2,20,20,True,True,120.7030280754134,120.84805653710245,0.12015312623179578,
reference,120,30,10,1.0,0,19,19,True,True,119.80045137191101,120.0,0.16656750939068482,
consecutive,120,30,10,1.0,0,19,19,True,True,119.80045137191101,120.0,0.16656750939068482,
piv,120,30,10,1.0,0,19,19,True,True,119.80045137191101,120.0,0.16656750939068482,
reference,120,30,10,1.0,1,20,20,True,True,120.75051604828934,120.84805653710248,0.080778527500562,
consecutive,120,30,10,1.0,1,20,20,True,True,120.75051604828934,120.84805653710248,0.080778527500562,
piv,120,30,10,1.0,1,20,20,True,True,120.75051604828934,120.4225352112676,0.2716185799906463,
reference,120,30,10,1.0,2,20,20,True,True,120.7030280754134,120.84805653710248,0.12015312623181933,
consecutive,120,30,10,1.0,2,20,20,True,True,120.7030280754134,120.42253521126761,0.23238262421265624,
piv,120,30,10,1.0,2,20,20,True,True,120.7030280754134,120.42253521126759,0.2323826242126798,
reference,120,30,10,0.25,0,19,19,True,True,119.80045137191101,120.0,0.16656750939068482,
consecutive,120,30,10,0.25,0,19,19,True,True,119.80045137191101,120.0,0.16656750939068482,
piv,120,30,10,0.25,0,19,19,True,True,119.80045137191101,120.0,0.16656750939068482,
reference,120,30,10,0.25,1,20,19,False,True,120.75051604828934,120.44609665427508,0.25210608118024125,
consecutive,120,30,10,0.25,1,20,20,True,True,120.75051604828934,120.84805653710248,0.080778527500562,
piv,120,30,10,0.25,1,20,20,True,True,120.75051604828934,120.4225352112676,0.2716185799906463,
reference,120,30,10,0.25,2,20,20,True,True,120.7030280754134,120.84805653710248,0.12015312623181933,
consecutive,120,30,10,0.25,2,20,20,True,True,120.7030280754134,120.42253521126761,0.23238262421265624,
piv,120,30,10,0.25,2,20,20,True,True,120.7030280754134,120.8480565371025,0.1201531262318311,
reference,120,30,20,1.0,0,19,1,False,False,119.80045137191101,,,
consecutive,120,30,20,1.0,0,19,19,True,True,119.80045137191101,120.0,0.16656750939068482,
piv,120,30,20,1.0,0,19,19,True,True,119.80045137191101,120.0,0.16656750939068482,
reference,120,30,20,1.0,1,20,1,False,False,120.75051604828934,,,
consecutive,120,30,20,1.0,1,20,20,True,True,120.75051604828934,120.84805653710248,0.080778527500562,
piv,120,30,20,1.0,1,20,20,True,True,120.75051604828934,120.0,0.6215427253240083,
reference,120,30,20,1.0,2,20,3,False,False,120.7030280754134,16.513761467889907,86.3186850146192,
consecutive,120,30,20,1.0,2,20,20,True,True,120.7030280754134,120.42253521126761,0.23238262421265624,
piv,120,30,20,1.0,2,20,21,False,True,120.7030280754134,127.20848056537105,5.389634869717718,
reference,120,30,20,0.25,0,19,1,False,False,119.80045137191101,,,
consecutive,120,30,20,0.25,0,19,19,True,True,119.80045137191101,119.55719557195569,0.2030508209022959,
piv,120,30,20,0.25,0,19,24,False,False,119.80045137191101,145.77464788732394,21.68121757302741,
reference,120,30,20,0.25,1,20,1,False,False,120.75051604828934,,,
consecutive,120,30,20,0.25,1,20,20,True,True,120.75051604828934,120.84805653710248,0.080778527500562,
piv,120,30,20,0.25,1,20,18,False,False,120.75051604828934,106.99300699300697,11.393333548802891,
reference,120,30,20,0.25,2,20,2,False,False,120.7030280754134,13.23529411764706,89.03482843083452,
consecutive,120,30,20,0.25,2,20,20,True,True,120.7030280754134,120.42253521126761,0.23238262421265624,
piv,120,30,20,0.25,2,20,22,False,False,120.7030280754134,132.6315789473684,9.882561408900392,
reference,180,10,0,1.0,0,29,9,False,False,179.23885710500497,64.86486486486487,63.81093591393269,
consecutive,180,10,0,1.0,0,29,10,False,False,179.23885710500497,61.36363636363636,65.7643228958511,
piv,180,10,0,1.0,0,29,10,False,False,179.23885710500497,61.36363636363636,65.7643228958511,
reference,180,10,0,1.0,1,29,9,False,False,180.07837337900526,57.831325301204814,67.88546885666884,
consecutive,180,10,0,1.0,1,29,9,False,False,180.07837337900526,51.06382978723405,71.64355228833524,
piv,180,10,0,1.0,1,29,10,False,False,180.07837337900526,57.446808510638306,68.09899632437715,
reference,180,10,0,1.0,2,29,9,False,False,180.1581410122073,60.0,66.69592633289079,
consecutive,180,10,0,1.0,2,29,11,False,False,180.1581410122073,63.15789473684211,64.94308035041136,
piv,180,10,0,1.0,2,29,11,False,False,180.1581410122073,63.15789473684211,64.94308035041136,
reference,180,10,0,0.25,0,29,9,False,False,179.23885710500497,64.86486486486487,63.81093591393269,
consecutive,180,10,0,0.25,0,29,10,False,False,179.23885710500497,61.36363636363636,65.7643228958511,
piv,180,10,0,0.25,0,29,7,False,False,179.23885710500497,44.44444444444445,75.20378942250943,
reference,180,10,0,0.25,1,29,9,False,False,180.07837337900526,57.831325301204814,67.88546885666884,
consecutive,180,10,0,0.25,1,29,9,False,False,180.07837337900526,51.06382978723405,71.64355228833524,
piv,180,10,0,0.25,1,29,10,False,False,180.07837337900526,57.446808510638306,68.09899632437715,
reference,180,10,0,0.25,2,29,9,False,False,180.1581410122073,60.0,66.69592633289079,
consecutive,180,10,0,0.25,2,29,11,False,False,180.1581410122073,63.15789473684211,64.94308035041136,
piv,180,10,0,0.25,2,29,10,False,False,180.1581410122073,61.36363636363636,65.93901556772921,
reference,180,10,5,1.0,0,29,7,False,False,179.23885710500497,53.7313432835821,70.02249168989945,
consecutive,180,10,5,1.0,0,29,10,False,False,179.23885710500497,61.36363636363636,65.7643228958511,
piv,180,10,5,1.0,0,29,11,False,False,179.23885710500497,68.9655172413793,61.52312151768705,
reference,180,10,5,1.0,1,29,8,False,False,180.07837337900526,60.00000000000001,66.68117393879392,
consecutive,180,10,5,1.0,1,29,9,False,False,180.07837337900526,51.06382978723405,71.64355228833524,
piv,180,10,5,1.0,1,29,10,False,False,180.07837337900526,60.0,66.68117393879392,
reference,180,10,5,1.0,2,29,9,False,False,180.1581410122073,60.0,66.69592633289079,
consecutive,180,10,5,1.0,2,29,11,False,False,180.1581410122073,63.15789473684211,64.94308035041136,
piv,180,10,5,1.0,2,29,11,False,False,180.1581410122073,63.15789473684211,64.94308035041136,
reference,180,10,5,0.25,0,29,5,False,False,179.23885710500497,35.820895522388064,80.01499445993296,
consecutive,180,10,5,0.25,0,29,9,False,False,179.23885710500497,54.54545454545454,69.56828701853432,
piv,180,10,5,0.25,0,29,11,False,False,179.23885710500497,65.93406593406594,63.214412879546956,
reference,180,10,5,0.25,1,29,4,False,False,180.07837337900526,32.142857142857146,82.15062889578246,
consecutive,180,10,5,0.25,1,29,9,False,False,180.07837337900526,51.06382978723405,71.64355228833524,
piv,180,10,5,0.25,1,29,10,False,False,180.07837337900526,60.0,66.68117393879392,
reference,180,10,5,0.25,2,29,8,False,False,180.1581410122073,60.00000000000001,66.69592633289079,
consecutive,180,10,5,0.25,2,29,11,False,False,180.1581410122073,63.15789473684211,64.94308035041136,
piv,180,10,5,0.25,2,29,11,False,False,180.1581410122073,63.15789473684211,64.94308035041136,
reference,180,10,10,1.0,0,29,1,False,False,179.23885710500497,,,
consecutive,180,10,10,1.0,0,29,9,False,False,179.23885710500497,54.54545454545454,69.56828701853432,
piv,180,10,10,1.0,0,29,11,False,False,179.23885710500497,66.66666666666666,62.80568413376415,
reference,180,10,10,1.0,1,29,1,False,False,180.07837337900526,,,
consecutive,180,10,10,1.0,1,29,9,False,False,180.07837337900526,51.06382978723405,71.64355228833524,
piv,180,10,10,1.0,1,29,10,False,False,180.07837337900526,62.068965517241374,65.5322489022006,
reference,180,10,10,1.0,2,29,1,False,False,180.1581410122073,,,
consecutive,180,10,10,1.0,2,29,11,False,False,180.1581410122073,63.15789473684211,64.94308035041136,
piv,180,10,10,1.0,2,29,11,False,False,180.1581410122073,63.82978723404255,64.57013439669234,
reference,180,10,10,0.25,0,29,1,False,False,179.23885710500497,,,
consecutive,180,10,10,0.25,0,29,9,False,False,179.23885710500497,54.54545454545454,69.56828701853432,
piv,180,10,10,0.25,0,29,15,False,False,179.23885710500497,89.36170212765957,50.143789370790245,
reference,180,10,10,0.25,1,29,1,False,False,180.07837337900526,,,
consecutive,180,10,10,0.25,1,29,10,False,False,180.07837337900526,57.446808510638306,68.09899632437715,
piv,180,10,10,0.25,1,29,10,False,False,180.07837337900526,62.068965517241374,65.5322489022006,
reference,180,10,10,0.25,2,29,1,False,False,180.1581410122073,,,
consecutive,180,10,10,0.25,2,29,11,False,False,180.1581410122073,63.15789473684211,64.94308035041136,
piv,180,10,10,0.25,2,29,10,False,False,180.1581410122073,57.44680851063829,68.11312095702311,
reference,180,10,20,1.0,0,29,1,False,False,179.23885710500497,,,
consecutive,180,10,20,1.0,0,29,9,False,False,179.23885710500497,54.54545454545454,69.56828701853432,
piv,180,10,20,1.0,0,29,10,False,False,179.23885710500497,61.36363636363636,65.7643228958511,
reference,180,10,20,1.0,1,29,1,False,False,180.07837337900526,,,
consecutive,180,10,20,1.0,1,29,10,False,False,180.07837337900526,57.446808510638306,68.09899632437715,
piv,180,10,20,1.0,1,29,9,False,False,180.07837337900526,54.54545454545454,69.7101581261763,
reference,180,10,20,1.0,2,29,1,False,False,180.1581410122073,,,
consecutive,180,10,20,1.0,2,29,11,False,False,180.1581410122073,63.15789473684211,64.94308035041136,
piv,180,10,20,1.0,2,29,11,False,False,180.1581410122073,63.15789473684211,64.94308035041136,
reference,180,10,20,0.25,0,29,1,False,False,179.23885710500497,,,
consecutive,180,10,20,0.25,0,29,9,False,False,179.23885710500497,54.54545454545454,69.56828701853432,
piv,180,10,20,0.25,0,29,4,False,False,179.23885710500497,21.951219512195124,87.75309111721504,
reference,180,10,20,0.25,1,29,1,False,False,180.07837337900526,,,
consecutive,180,10,20,0.25,1,29,10,False,False,180.07837337900526,57.446808510638306,68.09899632437715,
piv,180,10,20,0.25,1,29,10,False,False,180.07837337900526,61.36363636363636,65.92392789194832,
reference,180,10,20,0.25,2,29,1,False,False,180.1581410122073,,,
consecutive,180,10,20,0.25,2,29,11,False,False,180.1581410122073,63.15789473684211,64.94308035041136,
piv,180,10,20,0.25,2,29,5,False,False,180.1581410122073,27.27272727272727,84.86178469676854,
reference,180,15,0,1.0,0,29,29,True,True,179.23885710500497,178.72340425531917,0.28757874158047586,
consecutive,180,15,0,1.0,0,29,29,True,True,179.23885710500497,180.0,0.4246528388367962,
piv,180,15,0,1.0,0,29,29,True,True,179.23885710500497,180.0,0.4246528388367962,
reference,180,15,0,1.0,1,29,30,False,True,180.07837337900526,182.5174825174825,1.3544708854870282,
consecutive,180,15,0,1.0,1,29,29,True,True,180.07837337900526,178.72340425531917,0.7524330091733608,
piv,180,15,0,1.0,1,29,28,False,True,180.07837337900526,173.57142857142858,3.6133960372252543,
reference,180,15,0,1.0,2,29,29,True,True,180.1581410122073,180.0,0.08777899867238297,
consecutive,180,15,0,1.0,2,29,29,True,True,180.1581410122073,179.99999999999997,0.08777899867239873,
piv,180,15,0,1.0,2,29,12,False,False,180.1581410122073,76.15384615384616,57.72944496097677,
reference,180,15,0,0.25,0,29,29,True,True,179.23885710500497,178.72340425531917,0.28757874158047586,
consecutive,180,15,0,0.25,0,29,29,True,True,179.23885710500497,180.0,0.4246528388367962,
piv,180,15,0,0.25,0,29,29,True,True,179.23885710500497,178.72340425531917,0.28757874158047586,
reference,180,15,0,0.25,1,29,30,False,True,180.07837337900526,182.5174825174825,1.3544708854870282,
consecutive,180,15,0,0.25,1,29,29,True,True,180.07837337900526,178.72340425531917,0.7524330091733608,
piv,180,15,0,0.25,1,29,14,False,False,180.07837337900526,82.97872340425533,53.920772468544776,
reference,180,15,0,0.25,2,29,29,True,True,180.1581410122073,180.0,0.08777899867238297,
consecutive,180,15,0,0.25,2,29,29,True,True,180.1581410122073,179.99999999999997,0.08777899867239873,
piv,180,15,0,0.25,2,29,11,False,False,180.1581410122073,69.23076923076924,61.572222691797066,
reference,180,15,5,1.0,0,29,29,True,True,179.23885710500497,178.72340425531917,0.28757874158047586,
consecutive,180,15,5,1.0,0,29,29,True,True,179.23885710500497,178.72340425531917,0.28757874158047586,
piv,180,15,5,1.0,0,29,29,True,True,179.23885710500497,178.72340425531917,0.28757874158047586,
reference,180,15,5,1.0,1,29,29,True,True,180.07837337900526,180.0,0.04352181638175205,
consecutive,180,15,5,1.0,1,29,29,True,True,180.07837337900526,178.72340425531917,0.7524330091733608,
piv,180,15,5,1.0,1,29,29,True,True,180.07837337900526,180.0,0.04352181638175205,
reference,180,15,5,1.0,2,29,28,False,True,180.1581410122073,180.0,0.08777899867238297,
consecutive,180,15,5,1.0,2,29,29,True,True,180.1581410122073,179.99999999999997,0.08777899867239873,
piv,180,15,5,1.0,2,29,29,True,True,180.1581410122073,179.99999999999997,0.08777899867239873,
reference,180,15,5,0.25,0,29,28,False,True,179.23885710500497,178.6764705882353,0.31376372615464515,
consecutive,180,15,5,0.25,0,29,29,True,True,179.23885710500497,178.72340425531917,0.28757874158047586,
piv,180,15,5,0.25,0,29,29,True,True,179.23885710500497,178.72340425531917,0.28757874158047586,
reference,180,15,5,0.25,1,29,29,True,True,180.07837337900526,180.0,0.04352181638175205,
consecutive,180,15,5,0.25,1,29,29,True,True,180.07837337900526,178.72340425531917,0.7524330091733608,
piv,180,15,5,0.25,1,29,29,True,True,180.07837337900526,180.0,0.04352181638175205,
reference,180,15,5,0.25,2,29,28,False,True,180.1581410122073,180.0,0.08777899867238297,
consecutive,180,15,5,0.25,2,29,29,True,True,180.1581410122073,179.99999999999997,0.08777899867239873,
piv,180,15,5,0.25,2,29,29,True,True,180.1581410122073,180.0,0.08777899867238297,
reference,180,15,10,1.0,0,29,12,False,False,179.23885710500497,79.83870967741936,55.45680720858045,
consecutive,180,15,10,1.0,0,29,29,True,True,179.23885710500497,178.72340425531917,0.28757874158047586,
piv,180,15,10,1.0,0,29,29,True,True,179.23885710500497,178.72340425531917,0.28757874158047586,
reference,180,15,10,1.0,1,29,13,False,False,180.07837337900526,86.39999999999998,52.020890471863254,
consecutive,180,15,10,1.0,1,29,29,True,True,180.07837337900526,178.72340425531914,0.7524330091733765,
piv,180,15,10,1.0,1,29,29,True,True,180.07837337900526,180.0,0.04352181638175205,
reference,180,15,10,1.0,2,29,15,False,False,180.1581410122073,109.56521739130436,39.18386547745275,
consecutive,180,15,10,1.0,2,29,29,True,True,180.1581410122073,180.0,0.08777899867238297,
piv,180,15,10,1.0,2,29,29,True,True,180.1581410122073,180.0,0.08777899867238297,
reference,180,15,10,0.25,0,29,2,False,False,179.23885710500497,224.9999999999993,25.530816048545603,
consecutive,180,15,10,0.25,0,29,29,True,True,179.23885710500497,178.72340425531917,0.28757874158047586,
piv,180,15,10,0.25,0,29,27,False,False,179.23885710500497,165.95744680851064,7.409894545753308,
reference,180,15,10,0.25,1,29,2,False,False,180.07837337900526,225.0000000000008,24.945597729523254,
consecutive,180,15,10,0.25,1,29,29,True,True,180.07837337900526,178.72340425531914,0.7524330091733765,
piv,180,15,10,0.25,1,29,29,True,True,180.07837337900526,180.0,0.04352181638175205,
reference,180,15,10,0.25,2,29,2,False,False,180.1581410122073,225.00000000000006,24.89027625165955,
consecutive,180,15,10,0.25,2,29,29,True,True,180.1581410122073,180.0,0.08777899867238297,
piv,180,15,10,0.25,2,29,29,True,True,180.1581410122073,180.0,0.08777899867238297,
reference,180,15,20,1.0,0,29,2,False,False,179.23885710500497,225.0000000000008,25.53081604854644,
consecutive,180,15,20,1.0,0,29,28,False,True,179.23885710500497,172.34042553191492,3.8487366436668844,
piv,180,15,20,1.0,0,29,21,False,False,179.23885710500497,128.57142857142858,28.268105115116565,
reference,180,15,20,1.0,1,29,1,False,False,180.07837337900526,,,
consecutive,180,15,20,1.0,1,29,27,False,False,180.07837337900526,165.95744680851064,7.841544937089558,
piv,180,15,20,1.0,1,29,25,False,False,180.07837337900526,153.19148936170214,14.930656865005739,
reference,180,15,20,1.0,2,29,2,False,False,180.1581410122073,225.00000000000006,24.89027625165955,
consecutive,180,15,20,1.0,2,29,29,True,True,180.1581410122073,180.0,0.08777899867238297,
piv,180,15,20,1.0,2,29,27,False,False,180.1581410122073,167.14285714285714,7.22436621305293,
reference,180,15,20,0.25,0,29,2,False,False,179.23885710500497,225.0000000000008,25.53081604854644,
consecutive,180,15,20,0.25,0,29,27,False,False,179.23885710500497,165.95744680851067,7.409894545753293,
piv,180,15,20,0.25,0,29,21,False,False,179.23885710500497,127.65957446808513,28.776841958271763,
reference,180,15,20,0.25,1,29,1,False,False,180.07837337900526,,,
consecutive,180,15,20,0.25,1,29,27,False,False,180.07837337900526,165.95744680851064,7.841544937089558,
piv,180,15,20,0.25,1,29,22,False,False,180.07837337900526,135.97122302158274,24.493307846907072,
reference,180,15,20,0.25,2,29,1,False,False,180.1581410122073,,,
consecutive,180,15,20,0.25,2,29,29,True,True,180.1581410122073,178.72340425531914,0.7963763107385421,
piv,180,15,20,0.25,2,29,27,False,False,180.1581410122073,162.49999999999997,9.801467151579251,
reference,180,30,0,1.0,0,29,29,True,True,179.23885710500497,179.35943060498218,0.06726973264875,
consecutive,180,30,0,1.0,0,29,29,True,True,179.23885710500497,178.72340425531917,0.28757874158047586,
piv,180,30,0,1.0,0,29,29,True,True,179.23885710500497,179.35943060498218,0.06726973264875,
reference,180,30,0,1.0,1,29,29,True,True,180.07837337900526,180.0,0.04352181638175205,
consecutive,180,30,0,1.0,1,29,29,True,True,180.07837337900526,179.99999999999997,0.04352181638176784,
piv,180,30,0,1.0,1,29,29,True,True,180.07837337900526,180.6451612903226,0.3147451305129426,
reference,180,30,0,1.0,2,29,29,True,True,180.1581410122073,179.99999999999997,0.08777899867239873,
consecutive,180,30,0,1.0,2,29,29,True,True,180.1581410122073,180.64516129032256,0.27032932032878115,
piv,180,30,0,1.0,2,29,29,True,True,180.1581410122073,180.64516129032256,0.27032932032878115,
reference,180,30,0,0.25,0,29,29,True,True,179.23885710500497,179.35943060498218,0.06726973264875,
consecutive,180,30,0,0.25,0,29,29,True,True,179.23885710500497,178.72340425531917,0.28757874158047586,
piv,180,30,0,0.25,0,29,29,True,True,179.23885710500497,179.35943060498218,0.06726973264875,
reference,180,30,0,0.25,1,29,29,True,True,180.07837337900526,180.0,0.04352181638175205,
consecutive,180,30,0,0.25,1,29,29,True,True,180.07837337900526,179.99999999999997,0.04352181638176784,
piv,180,30,0,0.25,1,29,29,True,True,180.07837337900526,180.6451612903226,0.3147451305129426,
reference,180,30,0,0.25,2,29,29,True,True,180.1581410122073,179.99999999999997,0.08777899867239873,
consecutive,180,30,0,0.25,2,29,29,True,True,180.1581410122073,180.64516129032256,0.27032932032878115,
piv,180,30,0,0.25,2,29,29,True,True,180.1581410122073,180.64516129032256,0.27032932032878115,
reference,180,30,5,1.0,0,29,29,True,True,179.23885710500497,179.35943060498218,0.06726973264875,
consecutive,180,30,5,1.0,0,29,29,True,True,179.23885710500497,179.3594306049822,0.06726973264876586,
piv,180,30,5,1.0,0,29,29,True,True,179.23885710500497,179.3594306049822,0.06726973264876586,
reference,180,30,5,1.0,1,29,29,True,True,180.07837337900526,180.0,0.04352181638175205,
consecutive,180,30,5,1.0,1,29,29,True,True,180.07837337900526,179.99999999999997,0.04352181638176784,
piv,180,30,5,1.0,1,29,29,True,True,180.07837337900526,180.0,0.04352181638175205,
reference,180,30,5,1.0,2,29,29,True,True,180.1581410122073,179.99999999999997,0.08777899867239873,
consecutive,180,30,5,1.0,2,29,29,True,True,180.1581410122073,180.64516129032256,0.27032932032878115,
piv,180,30,5,1.0,2,29,29,True,True,180.1581410122073,179.99999999999997,0.08777899867239873,
reference,180,30,5,0.25,0,29,29,True,True,179.23885710500497,179.35943060498218,0.06726973264875,
consecutive,180,30,5,0.25,0,29,29,True,True,179.23885710500497,179.35943060498218,0.06726973264875,
piv,180,30,5,0.25,0,29,29,True,True,179.23885710500497,179.3594306049822,0.06726973264876586,
reference,180,30,5,0.25,1,29,29,True,True,180.07837337900526,180.0,0.04352181638175205,
consecutive,180,30,5,0.25,1,29,29,True,True,180.07837337900526,179.99999999999997,0.04352181638176784,
piv,180,30,5,0.25,1,29,29,True,True,180.07837337900526,179.99999999999997,0.04352181638176784,
reference,180,30,5,0.25,2,29,29,True,True,180.1581410122073,179.99999999999997,0.08777899867239873,
consecutive,180,30,5,0.25,2,29,29,True,True,180.1581410122073,180.64516129032256,0.27032932032878115,
piv,180,30,5,0.25,2,29,29,True,True,180.1581410122073,179.99999999999997,0.08777899867239873,
reference,180,30,10,1.0,0,29,29,True,True,179.23885710500497,179.35943060498218,0.06726973264875,
consecutive,180,30,10,1.0,0,29,29,True,True,179.23885710500497,179.35943060498218,0.06726973264875,
piv,180,30,10,1.0,0,29,29,True,True,179.23885710500497,178.09187279151945,0.6399194527409706,
reference,180,30,10,1.0,1,29,29,True,True,180.07837337900526,180.0,0.04352181638175205,
consecutive,180,30,10,1.0,1,29,29,True,True,180.07837337900526,180.64516129032256,0.3147451305129268,
piv,180,30,10,1.0,1,29,29,True,True,180.07837337900526,179.99999999999997,0.04352181638176784,
reference,180,30,10,1.0,2,29,29,True,True,180.1581410122073,179.99999999999997,0.08777899867239873,
consecutive,180,30,10,1.0,2,29,29,True,True,180.1581410122073,180.64516129032256,0.27032932032878115,
piv,180,30,10,1.0,2,29,29,True,True,180.1581410122073,179.99999999999997,0.08777899867239873,
reference,180,30,10,0.25,0,29,29,True,True,179.23885710500497,179.35943060498218,0.06726973264875,
consecutive,180,30,10,0.25,0,29,29,True,True,179.23885710500497,179.35943060498218,0.06726973264875,
piv,180,30,10,0.25,0,29,29,True,True,179.23885710500497,180.0,0.4246528388367962,
reference,180,30,10,0.25,1,29,29,True,True,180.07837337900526,180.0,0.04352181638175205,
consecutive,180,30,10,0.25,1,29,29,True,True,180.07837337900526,180.6451612903226,0.3147451305129426,
piv,180,30,10,0.25,1,29,29,True,True,180.07837337900526,179.99999999999997,0.04352181638176784,
reference,180,30,10,0.25,2,29,29,True,True,180.1581410122073,179.99999999999997,0.08777899867239873,
consecutive,180,30,10,0.25,2,29,29,True,True,180.1581410122073,180.64516129032256,0.27032932032878115,
piv,180,30,10,0.25,2,29,30,False,True,180.1581410122073,179.38144329896903,0.43111996431270644,
reference,180,30,20,1.0,0,29,1,False,False,179.23885710500497,,,
consecutive,180,30,20,1.0,0,29,29,True,True,179.23885710500497,179.35943060498218,0.06726973264875,
piv,180,30,20,1.0,0,29,8,False,False,179.23885710500497,44.839857651245545,74.98318256683781,
reference,180,30,20,1.0,1,29,1,False,False,180.07837337900526,,,
consecutive,180,30,20,1.0,1,29,29,True,True,180.07837337900526,180.64516129032256,0.3147451305129268,
piv,180,30,20,1.0,1,29,31,False,False,180.07837337900526,192.8571428571429,7.096226625305284,
reference,180,30,20,1.0,2,29,1,False,False,180.1581410122073,,,
consecutive,180,30,20,1.0,2,29,29,True,True,180.1581410122073,179.99999999999997,0.08777899867239873,
piv,180,30,20,1.0,2,29,30,False,True,180.1581410122073,179.99999999999997,0.08777899867239873,
reference,180,30,20,0.25,0,29,1,False,False,179.23885710500497,,,
consecutive,180,30,20,0.25,0,29,29,True,True,179.23885710500497,179.35943060498218,0.06726973264875,
piv,180,30,20,0.25,0,29,9,False,False,179.23885710500497,49.99999999999999,72.10426310032311,
reference,180,30,20,0.25,1,29,1,False,False,180.07837337900526,,,
consecutive,180,30,20,0.25,1,29,29,True,True,180.07837337900526,180.64516129032256,0.3147451305129268,
piv,180,30,20,0.25,1,29,15,False,False,180.07837337900526,88.1118881118881,51.07025543459247,
reference,180,30,20,0.25,2,29,1,False,False,180.1581410122073,,,
consecutive,180,30,20,0.25,2,29,29,True,True,180.1581410122073,180.0,0.08777899867238297,
piv,180,30,20,0.25,2,29,28,False,True,180.1581410122073,169.33797909407667,6.005924493524532,
